law,n,normalizer,metric,first_half,second_half,difference_second_minus_first,pooled_mcse,difference_z_score
Gaussian,2,asymptotic,mean,0.004119658239153804,-0.004594752060226893,-0.008714410299380696,0.00443314225826239,-1.9657411812442915
Gaussian,2,asymptotic,variance,2.7473490235455085,2.7390646479983367,-0.008284375547171763,0.010339994709662518,-0.8011972713516168
Gaussian,2,asymptotic,skewness,0.0004961847378256486,0.006347225704582363,0.005851040966756714,0.00942984389450593,0.6204812118009377
Gaussian,2,asymptotic,excess_kurtosis,0.6578131380713063,0.6556170224755626,-0.0021961155957436196,0.03188071799868518,-0.06888538695503005
Gaussian,2,asymptotic,coverage_95,0.7806179999999999,0.7806580000000002,4.000000000026205e-05,0.0006965239608729734,0.05742803154988222
Gaussian,2,asymptotic,coverage_99,0.8863946666666666,0.8869013333333333,0.0005066666666667663,0.0005771313126549133,0.877905349366687
Gaussian,2,asymptotic,p_abs_gt_3,0.07009399999999999,0.06948333333333333,-0.0006106666666666621,0.000484329200305955,-1.260850401505626
Gaussian,2,corrected,mean,0.0025901800969139947,-0.0028888889916991894,-0.005479069088613184,0.0027872789871273866,-1.9657411812442924
Gaussian,2,corrected,variance,1.086053904769715,1.0827790101951722,-0.003274894574542886,0.004087500908506672,-0.8011972713516378
Gaussian,2,corrected,skewness,0.0004961847378256185,0.006347225704582339,0.005851040966756721,0.009429843894505937,0.6204812118009381
Gaussian,2,corrected,excess_kurtosis,0.6578131380713064,0.6556170224755627,-0.0021961155957436196,0.031880717998685186,-0.06888538695503003
Gaussian,2,corrected,coverage_95,0.9388266666666668,0.9393713333333334,0.0005446666666666378,0.00046178215162082206,1.179488346950823
Gaussian,2,corrected,coverage_99,0.9809593333333334,0.9814133333333332,0.0004539999999998434,0.00027221401109468524,1.667805408597895
Gaussian,2,corrected,p_abs_gt_3,0.008304666666666667,0.008066666666666666,-0.00023800000000000036,0.0001779759232024548,-1.337259533298028
Gaussian,2,oracle,mean,0.002630371966828273,-0.002630371966828287,-0.00526074393365656,0.0026762139308322214,-1.9657411812442918
Gaussian,2,oracle,variance,1.001226080999557,0.9982069768407706,-0.0030191041587863676,0.0037682406902022326,-0.8011972713516714
Gaussian,2,oracle,skewness,0.0004961847378256966,0.006347225704582402,0.005851040966756705,0.009429843894505933,0.6204812118009366
Gaussian,2,oracle,excess_kurtosis,0.6578131380713064,0.6556170224755627,-0.0021961155957436196,0.031880717998685186,-0.06888538695503003
Gaussian,2,oracle,coverage_95,0.9474146666666666,0.9480253333333334,0.0006106666666667593,0.000437460443658717,1.3959357366335239
Gaussian,2,oracle,coverage_99,0.9844886666666666,0.9848713333333334,0.00038266666666686433,0.0002395682471222757,1.597317972074785
Gaussian,2,oracle,p_abs_gt_3,0.006504666666666666,0.006324,-0.00018066666666666665,0.00015755160298244883,-1.1467142399483732
Gaussian,3,asymptotic,mean,0.003859177756107996,-0.005033214938350092,-0.008892392694458089,0.0043915009498998216,-2.024909659796599
Gaussian,3,asymptotic,variance,1.875374872428732,1.8705510423454879,-0.004823830083244163,0.007121779004143096,-0.6773349861653807
Gaussian,3,asymptotic,skewness,0.001294075559111603,0.0038978818275711303,0.0026038062684595274,0.008262371465159785,0.3151403055937491
Gaussian,3,asymptotic,excess_kurtosis,0.4982490245950501,0.48013213378774383,-0.018116890807306274,0.02533353961817173,-0.7151346033900071
Gaussian,3,asymptotic,coverage_95,0.8541166666666666,0.8546446666666666,0.0005279999999999729,0.000661919201443624,0.7976804402235534
Gaussian,3,asymptotic,coverage_99,0.93791,0.9384373333333335,0.0005273333333334351,0.0005020435385699962,1.0503737082952478
Gaussian,3,asymptotic,p_abs_gt_3,0.03308733333333334,0.032398666666666666,-0.0006886666666666708,0.00037417606013293817,-1.8404883156394336
Gaussian,3,corrected,mean,0.0028258636893779784,-0.0036855465682053834,-0.006511410257583361,0.0032156546965346703,-2.024909659796601
Gaussian,3,corrected,variance,1.0055436898787498,1.0029572353130172,-0.0025864545657325877,0.003818575178546975,-0.6773349861653823
Gaussian,3,corrected,skewness,0.0012940755591116036,0.0038978818275711247,0.0026038062684595213,0.008262371465159785,0.3151403055937484
Gaussian,3,corrected,excess_kurtosis,0.49824902459505,0.48013213378774383,-0.018116890807306163,0.025333539618171717,-0.7151346033900031
Gaussian,3,corrected,coverage_95,0.946522,0.9470013333333335,0.00047933333333349815,0.0004750718308260811,1.0089702277232622
Gaussian,3,corrected,coverage_99,0.9853273333333332,0.985656,0.0003286666666667548,0.00025204398576485405,1.3040051944480293
Gaussian,3,corrected,p_abs_gt_3,0.005725999999999999,0.005535999999999999,-0.00019000000000000006,0.00015467330596760181,-1.228395545122685
Gaussian,3,oracle,mean,0.0032481000054150762,-0.0032481000054151252,-0.006496200010830202,0.0032081431284607205,-2.0249096597966014
Gaussian,3,oracle,variance,1.0008514025051956,0.9982770174181174,-0.0025743850870781904,0.003800756109842538,-0.677334986165383
Gaussian,3,oracle,skewness,0.0012940755591115023,0.0038978818275710488,0.0026038062684595464,0.008262371465159783,0.3151403055937515
Gaussian,3,oracle,excess_kurtosis,0.4982490245950499,0.4801321337877438,-0.018116890807306107,0.025333539618171717,-0.715134603390001
Gaussian,3,oracle,coverage_95,0.947044,0.9474986666666667,0.0004546666666667143,0.00047588927897984184,0.9554043067357554
Gaussian,3,oracle,coverage_99,0.9855306666666667,0.9858426666666666,0.00031199999999997896,0.0002501212431148339,1.2473950477558426
Gaussian,3,oracle,p_abs_gt_3,0.0056506666666666676,0.005462666666666667,-0.00018800000000000067,0.00015429810897333947,-1.2184206355535077
Gaussian,5,asymptotic,mean,0.004071739697543708,-0.006055872028200154,-0.010127611725743862,0.0049449043703355625,-2.0480905124271596
Gaussian,5,asymptotic,variance,1.4293245082269526,1.4264730033235313,-0.0028515049034212314,0.005766532607649937,-0.4944921146614862
Gaussian,5,asymptotic,skewness,-0.0011970456328133977,0.0007665077506439529,0.0019635533834573508,0.007794807659762659,0.2519053027560064
Gaussian,5,asymptotic,excess_kurtosis,0.3275212096015587,0.30097173703895447,-0.02654947256260426,0.02054193719891386,-1.2924522310392441
Gaussian,5,asymptotic,coverage_95,0.8997800000000001,0.9001406666666667,0.00036066666666656477,0.0006857342912007939,0.5259568776048795
Gaussian,5,asymptotic,coverage_99,0.9654259999999999,0.9656973333333333,0.00027133333333340115,0.0004306694856243629,0.6300268358693576
Gaussian,5,asymptotic,p_abs_gt_3,0.015325333333333331,0.015218666666666667,-0.00010666666666666463,0.00027335198909376985,-0.3902172690247885
Gaussian,5,corrected,mean,0.00340751638024024,-0.005067976998917472,-0.008475493379157713,0.004138241609797579,-2.0480905124271587
Gaussian,5,corrected,variance,1.0010291689322006,0.9990321139826435,-0.0019970549495571532,0.004038598170416092,-0.49449211466150866
Gaussian,5,corrected,skewness,-0.0011970456328133773,0.0007665077506439563,0.0019635533834573334,0.00779480765976266,0.2519053027560042
Gaussian,5,corrected,excess_kurtosis,0.3275212096015588,0.30097173703895463,-0.02654947256260415,0.020541937198913857,-1.2924522310392388
Gaussian,5,corrected,coverage_95,0.9474173333333332,0.9476100000000001,0.00019266666666684085,0.0005129885695750147,0.37557691943595456
Gaussian,5,corrected,coverage_99,0.9867526666666667,0.9869706666666667,0.00021799999999994046,0.0002519382361885572,0.8652914432439843
Gaussian,5,corrected,p_abs_gt_3,0.004725333333333334,0.0045706666666666665,-0.00015466666666666753,0.00014657298443465587,-1.0552194680570206
Gaussian,5,oracle,mean,0.004236056054446882,-0.00423605605444688,-0.008472112108893762,0.004136590671890567,-2.04809051242716
Gaussian,5,oracle,variance,1.0002306136520793,0.9982351518217082,-0.001995461830371137,0.0040353764422253816,-0.4944921146614771
Gaussian,5,oracle,skewness,-0.0011970456328133578,0.0007665077506439685,0.0019635533834573265,0.00779480765976266,0.2519053027560033
Gaussian,5,oracle,excess_kurtosis,0.3275212096015587,0.30097173703895463,-0.026549472562604093,0.02054193719891386,-1.292452231039236
Gaussian,5,oracle,coverage_95,0.9475093333333332,0.947702,0.00019266666666684085,0.0005141053160816289,0.37476108618229015
Gaussian,5,oracle,coverage_99,0.9867826666666667,0.9869980000000002,0.00021533333333345617,0.0002514977916032004,0.8562036746358291
Gaussian,5,oracle,p_abs_gt_3,0.004716666666666667,0.004558666666666667,-0.00015800000000000015,0.00014614726210990825,-1.0811013338120437
Gaussian,8,asymptotic,mean,0.0046681684400975525,-0.007359984593172421,-0.012028153033269973,0.0058639511143802866,-2.0512028150734563
Gaussian,8,asymptotic,variance,1.2407146645181186,1.238128575333092,-0.0025860891850266743,0.005684142370096035,-0.4549655896432062
Gaussian,8,asymptotic,skewness,-0.00656747464574785,-0.0007224407062370932,0.005845033939510757,0.008200911029355001,0.7127298319160605
Gaussian,8,asymptotic,excess_kurtosis,0.20418690854312707,0.17949657707453426,-0.024690331468592813,0.017953934688186315,-1.375204482883579
Gaussian,8,asymptotic,coverage_95,0.9211353333333333,0.9214773333333333,0.00034199999999995345,0.0007165640660950793,0.4772776311037822
Gaussian,8,asymptotic,coverage_99,0.9767606666666667,0.9770406666666668,0.000280000000000058,0.00038487632706429604,0.7275064230003478
Gaussian,8,asymptotic,p_abs_gt_3,0.009055333333333334,0.008864666666666667,-0.0001906666666666671,0.00022076661752902017,-0.8636571452728972
Gaussian,8,corrected,mean,0.004193845699373955,-0.0066121520955421285,-0.010805997794916084,0.005268127420412649,-2.051202815073455
Gaussian,8,corrected,variance,1.0013912092440522,0.9993039549782113,-0.0020872542658408877,0.004587718968983539,-0.4549655896431996
Gaussian,8,corrected,skewness,-0.00656747464574784,-0.0007224407062371036,0.005845033939510736,0.008200911029355003,0.7127298319160579
Gaussian,8,corrected,excess_kurtosis,0.20418690854312707,0.17949657707453426,-0.024690331468592813,0.0179539346881863,-1.37520448288358
Gaussian,8,corrected,coverage_95,0.9481346666666667,0.9484593333333334,0.0003246666666667508,0.0005957148303209582,0.5450034985562261
Gaussian,8,corrected,coverage_99,0.9877119999999998,0.9880066666666667,0.00029466666666688734,0.00026465964019131965,1.1133796843896406
Gaussian,8,corrected,p_abs_gt_3,0.004092666666666667,0.003887333333333333,-0.00020533333333333428,0.0001464573626156346,-1.402000757532517
Gaussian,8,oracle,mean,0.0053985971600182606,-0.0053985971600182744,-0.010797194320036535,0.005263835560624403,-2.051202815073455
Gaussian,8,oracle,variance,0.9997602388315298,0.9976763840861954,-0.002083854745334346,0.004580246930253513,-0.45496558964322176
Gaussian,8,oracle,skewness,-0.006567474645747887,-0.000722440706237165,0.005845033939510722,0.008200911029355001,0.7127298319160563
Gaussian,8,oracle,excess_kurtosis,0.20418690854312704,0.17949657707453423,-0.024690331468592813,0.017953934688186315,-1.375204482883579
Gaussian,8,oracle,coverage_95,0.9483166666666666,0.9486333333333333,0.0003166666666667428,0.0005971390779061216,0.5303063865408707
Gaussian,8,oracle,coverage_99,0.9877613333333333,0.9880639999999999,0.0003026666666666733,0.00026382510598824284,1.1472246567775903
Gaussian,8,oracle,p_abs_gt_3,0.0040686666666666675,0.0038639999999999994,-0.0002046666666666681,0.00014582853024671863,-1.4034747955040396
Gaussian,13,asymptotic,mean,0.005728793124013591,-0.00928363570350439,-0.015012428827517982,0.007196321266855498,-2.086125434207832
Gaussian,13,asymptotic,variance,1.1379442906432031,1.134689890944309,-0.0032543996988940727,0.006410804249699405,-0.5076429683602751
Gaussian,13,asymptotic,skewness,-0.012469163774861262,-0.0017207371042259785,0.010748426670635284,0.009239948219471588,1.1632561585123213
Gaussian,13,asymptotic,excess_kurtosis,0.11849783103767945,0.09227291951965937,-0.02622491151802009,0.016899898668671868,-1.551779216678644
Gaussian,13,asymptotic,coverage_95,0.933008,0.9333366666666666,0.0003286666666666438,0.0008369506528593173,0.392695394338726
Gaussian,13,asymptotic,coverage_99,0.9825466666666666,0.9829773333333334,0.0004306666666668013,0.00038613313463210867,1.1153320656543042
Gaussian,13,asymptotic,p_abs_gt_3,0.006136,0.005798666666666667,-0.0003373333333333327,0.00020655852292222868,-1.633112633460988
Gaussian,13,corrected,mean,0.005372637549314915,-0.008706477733631965,-0.014079115282946881,0.006748930362518286,-2.086125434207832
Gaussian,13,corrected,variance,1.000851877855781,0.997989547883467,-0.0028623299723138373,0.00563847063923559,-0.5076429683602794
Gaussian,13,corrected,skewness,-0.012469163774861314,-0.0017207371042259761,0.010748426670635337,0.00923994821947159,1.163256158512327
Gaussian,13,corrected,excess_kurtosis,0.11849783103767952,0.09227291951965944,-0.02622491151802009,0.01689989866867186,-1.5517792166786446
Gaussian,13,corrected,coverage_95,0.948658,0.9490753333333334,0.00041733333333338063,0.0007150333636349503,0.5836557488895637
Gaussian,13,corrected,coverage_99,0.9884040000000001,0.9888859999999999,0.0004819999999998714,0.0003093340214753387,1.558186188835677
Gaussian,13,corrected,p_abs_gt_3,0.0036453333333333333,0.003332,-0.00031333333333333343,0.00015061523730221433,-2.080356137570729
Gaussian,13,oracle,mean,0.007034037482919264,-0.007034037482919318,-0.014068074965838583,0.006743638103037015,-2.0861254342078333
Gaussian,13,oracle,variance,0.9992828318613401,0.9964249891937683,-0.0028578426675718305,0.005629631149629776,-0.507642968360329
Gaussian,13,oracle,skewness,-0.012469163774861384,-0.0017207371042261173,0.010748426670635266,0.009239948219471588,1.1632561585123196
Gaussian,13,oracle,excess_kurtosis,0.1184978310376796,0.0922729195196595,-0.02622491151802009,0.016899898668671854,-1.5517792166786453
Gaussian,13,oracle,coverage_95,0.9488159999999999,0.9492506666666668,0.00043466666666691633,0.0007126624423421976,0.6099194244590251
Gaussian,13,oracle,coverage_99,0.9884633333333334,0.9889473333333334,0.00048400000000003995,0.00030812982757804323,1.5707664649163258
Gaussian,13,oracle,p_abs_gt_3,0.0036213333333333336,0.0033006666666666666,-0.000320666666666667,0.00015002569760384543,-2.137411602067083
Gaussian,21,asymptotic,mean,0.007335024258490857,-0.01183927672554914,-0.019174300984039997,0.008939656024007207,-2.144858922149569
Gaussian,21,asymptotic,variance,1.0807247284439185,1.0761693194706141,-0.00455540897330442,0.007718081925608686,-0.5902255271726929
Gaussian,21,asymptotic,skewness,-0.016445878210722898,-0.001756416349124586,0.014689461861598313,0.010917654552549968,1.34547780302935
Gaussian,21,asymptotic,excess_kurtosis,0.06457784872351492,0.03753488840729938,-0.027042960316215545,0.018417450908217087,-1.4683335088543725
Gaussian,21,asymptotic,coverage_95,0.9396779999999999,0.9404086666666668,0.0007306666666668793,0.0009999760043904679,0.7306841998796308
Gaussian,21,asymptotic,coverage_99,0.9855080000000002,0.9862653333333333,0.0007573333333331655,0.0004375916652509226,1.7306850049323896
Gaussian,21,asymptotic,p_abs_gt_3,0.004666666666666667,0.0042380000000000004,-0.0004286666666666666,0.00021788313837537796,-1.9674155139446459
Gaussian,21,corrected,mean,0.007054057426061675,-0.01138577528334471,-0.018439832709406384,0.008597224050020995,-2.1448589221495693
Gaussian,21,corrected,variance,0.9995164856495661,0.9953033810098214,-0.004213104639744669,0.00713812677660049,-0.590225527172711
Gaussian,21,corrected,skewness,-0.016445878210722905,-0.0017564163491245802,0.014689461861598325,0.010917654552549966,1.3454778030293513
Gaussian,21,corrected,excess_kurtosis,0.06457784872351485,0.03753488840729927,-0.02704296031621558,0.018417450908217094,-1.4683335088543739
Gaussian,21,corrected,coverage_95,0.9489266666666666,0.9497200000000001,0.0007933333333335346,0.0009106941610501074,0.8711303610629876
Gaussian,21,corrected,coverage_99,0.9888073333333334,0.9895146666666665,0.0007073333333331711,0.00037465894354280133,1.8879392725676778
Gaussian,21,corrected,p_abs_gt_3,0.0033253333333333334,0.0029393333333333333,-0.00038600000000000006,0.0001776083739662181,-2.173320949796089
Gaussian,21,oracle,mean,0.009215575587524378,-0.009215575587524368,-0.018431151175048746,0.008593176448443108,-2.144858922149569
Gaussian,21,oracle,variance,0.9985755558495546,0.9943664173632082,-0.004209138486346409,0.007131407051316523,-0.5902255271727005
Gaussian,21,oracle,skewness,-0.016445878210722787,-0.001756416349124482,0.014689461861598306,0.010917654552549968,1.3454778030293495
Gaussian,21,oracle,excess_kurtosis,0.0645778487235149,0.03753488840729926,-0.027042960316215635,0.018417450908217083,-1.4683335088543776
Gaussian,21,oracle,coverage_95,0.9490093333333333,0.9498280000000001,0.0008186666666668563,0.0009101332901547736,0.8995019471572533
Gaussian,21,oracle,coverage_99,0.988844,0.9895586666666665,0.0007146666666665302,0.00037375850476349193,1.9121081060583738
Gaussian,21,oracle,p_abs_gt_3,0.0033153333333333333,0.002924666666666667,-0.00039066666666666633,0.00017702727843454385,-2.2068162043801403
Gaussian,35,asymptotic,mean,0.009729679279183808,-0.015327004120618132,-0.025056683399801938,0.011371880995947228,-2.2033895191773265
Gaussian,35,asymptotic,variance,1.04512625238067,1.0377901035881318,-0.0073361487925380775,0.009694147292650421,-0.7567606073099332
Gaussian,35,asymptotic,skewness,-0.01726126392815562,0.0004832335788073477,0.01774449750696297,0.013456372450022253,1.3186687253839815
Gaussian,35,asymptotic,excess_kurtosis,0.026110155191999575,0.008851520884009725,-0.01725863430798985,0.024148805428504904,-0.7146785938992247
Gaussian,35,asymptotic,coverage_95,0.9437626666666666,0.9448253333333333,0.0010626666666666562,0.00124413306296496,0.854142292572917
Gaussian,35,asymptotic,coverage_99,0.987186,0.9881813333333334,0.000995333333333348,0.0005343506394194297,1.8626970006338435
Gaussian,35,asymptotic,p_abs_gt_3,0.00388,0.003504,-0.00037600000000000003,0.0002591858778912262,-1.4506963228829846
Gaussian,35,corrected,mean,0.009506849669241589,-0.014975984292340044,-0.024482833961581633,0.011111441598725008,-2.2033895191773256
Gaussian,35,corrected,variance,0.9978033559867212,0.9907993850611624,-0.007003970925558822,0.009255200201891974,-0.7567606073099371
Gaussian,35,corrected,skewness,-0.017261263928155607,0.0004832335788073471,0.017744497506962956,0.013456372450022255,1.3186687253839804
Gaussian,35,corrected,excess_kurtosis,0.026110155191999673,0.00885152088400986,-0.017258634307989813,0.02414880542850492,-0.7146785938992226
Gaussian,35,corrected,coverage_95,0.9492373333333334,0.950234,0.0009966666666666457,0.00118228999124234,0.8429967893235374
Gaussian,35,corrected,coverage_99,0.9890979999999999,0.9899786666666667,0.0008806666666667518,0.00048447921276597564,1.8177594486229314
Gaussian,35,corrected,p_abs_gt_3,0.0031213333333333336,0.0028046666666666667,-0.0003166666666666669,0.00022881535751836525,-1.3839397412005028
Gaussian,35,oracle,mean,0.01223987199441362,-0.012239871994413584,-0.024479743988827206,0.011110039226276767,-2.203389519177327
Gaussian,35,oracle,variance,0.9975515068237456,0.9905493037256896,-0.007002203098055992,0.009252864156006749,-0.7567606073099346
Gaussian,35,oracle,skewness,-0.017261263928155492,0.00048323357880744486,0.01774449750696294,0.013456372450022255,1.318668725383979
Gaussian,35,oracle,excess_kurtosis,0.026110155191999666,0.00885152088400974,-0.017258634307989927,0.02414880542850491,-0.7146785938992277
Gaussian,35,oracle,coverage_95,0.9492753333333334,0.9502733333333332,0.0009979999999998324,0.0011833988892145167,0.8433335615704834
Gaussian,35,oracle,coverage_99,0.9891100000000002,0.9899926666666666,0.0008826666666664762,0.0004845282989822368,1.821703022342634
Gaussian,35,oracle,p_abs_gt_3,0.0031246666666666667,0.002798,-0.0003266666666666665,0.00022847008070593793,-1.4298006358526947
Gaussian,55,asymptotic,mean,0.012453736103172935,-0.01924630669213398,-0.031700042795306915,0.014142337638623482,-2.241499503500213
Gaussian,55,asymptotic,variance,1.0263077401368883,1.0149539396140401,-0.011353800522848179,0.011998805997443258,-0.9462441950696995
Gaussian,55,asymptotic,skewness,-0.01622107013669214,0.002953378713139158,0.0191744488498313,0.016450023997821,1.16561829042749
Gaussian,55,asymptotic,excess_kurtosis,-0.0010531294073642325,-0.005113274332698548,-0.004060144925334315,0.031599130688345765,-0.1284891336213802
Gaussian,55,asymptotic,coverage_95,0.9456353333333333,0.9471586666666667,0.001523333333333432,0.0015332322575381577,0.9935437542772417
Gaussian,55,asymptotic,coverage_99,0.988126,0.9890633333333335,0.0009373333333335676,0.0006497176786792125,1.4426778954807549
Gaussian,55,asymptotic,p_abs_gt_3,0.0033793333333333336,0.003142666666666667,-0.0002366666666666667,0.00031146094533317703,-0.759859848282098
Gaussian,55,corrected,mean,0.01227261016892388,-0.018966390267731142,-0.03123900043665502,0.013936652846843717,-2.2414995035002128
Gaussian,55,corrected,variance,0.9966717888467981,0.9856458438648305,-0.011025944981967628,0.011652325096858759,-0.9462441950697041
Gaussian,55,corrected,skewness,-0.016221070136692117,0.0029533787131391983,0.019174448849831313,0.016450023997821,1.1656182904274908
Gaussian,55,corrected,excess_kurtosis,-0.0010531294073641447,-0.005113274332698487,-0.004060144925334342,0.031599130688345765,-0.12848913362138106
Gaussian,55,corrected,coverage_95,0.949016,0.9505313333333335,0.001515333333333535,0.0014850964676170557,1.020360203108554
Gaussian,55,corrected,coverage_99,0.9893006666666667,0.9902113333333333,0.0009106666666666152,0.0006098316745996627,1.4933082432368607
Gaussian,55,corrected,p_abs_gt_3,0.0029126666666666663,0.002722,-0.00019066666666666624,0.000285736049630563,-0.6672825039514093
Gaussian,55,oracle,mean,0.015615084713981356,-0.01561508471398134,-0.031230169427962695,0.013932713069619343,-2.2414995035002137
Gaussian,55,oracle,variance,0.9961083666479267,0.9850886546728889,-0.011019711975037816,0.011645737994964734,-0.9462441950696819
Gaussian,55,oracle,skewness,-0.01622107013669225,0.002953378713139068,0.019174448849831317,0.016450023997820997,1.1656182904274912
Gaussian,55,oracle,excess_kurtosis,-0.0010531294073642349,-0.005113274332698489,-0.004060144925334254,0.03159913068834576,-0.1284891336213783
Gaussian,55,oracle,coverage_95,0.9490786666666667,0.9505719999999999,0.0014933333333331245,0.001484418793068982,1.0060054078443132
Gaussian,55,oracle,coverage_99,0.9893166666666667,0.9902406666666667,0.0009239999999999249,0.0006093637444904436,1.5163356999070947
Gaussian,55,oracle,p_abs_gt_3,0.002912666666666667,0.0027066666666666662,-0.0002060000000000009,0.0002860360505639494,-0.7201889397991994
Gaussian,89,asymptotic,mean,0.016079134532271926,-0.02455633692024502,-0.04063547145251695,0.01788656014063536,-2.271843838782604
Gaussian,89,asymptotic,variance,1.0135460144020574,0.9968455124969013,-0.01670050190515604,0.015129686420903713,-1.1038233999405322
Gaussian,89,asymptotic,skewness,-0.014638341019239512,0.005203043920152926,0.01984138493939244,0.02128965015878865,0.9319732729944203
Gaussian,89,asymptotic,excess_kurtosis,-0.02717578769332842,-0.019579490757700335,0.007596296935628084,0.04007973424350881,0.1895296233621698
Gaussian,89,asymptotic,coverage_95,0.946644,0.9484373333333332,0.0017933333333332024,0.001889332144758135,0.9491890233851804
Gaussian,89,asymptotic,coverage_99,0.988682,0.9893886666666667,0.0007066666666667443,0.0008252024327222746,0.8563555300431064
Gaussian,89,asymptotic,p_abs_gt_3,0.0031,0.002873333333333333,-0.00022666666666666668,0.0003784550434107609,-0.5989262677645206
Gaussian,89,corrected,mean,0.015934826403000455,-0.024335947008362124,-0.04027077341136258,0.01772603060294064,-2.271843838782604
Gaussian,89,corrected,variance,0.9954347679730658,0.9790326905115898,-0.01640207746147604,0.014859331177758667,-1.1038233999405398
Gaussian,89,corrected,skewness,-0.014638341019239498,0.005203043920152909,0.019841384939392408,0.02128965015878865,0.9319732729944189
Gaussian,89,corrected,excess_kurtosis,-0.027175787693328565,-0.019579490757700237,0.007596296935628327,0.040079734243508816,0.18952962336217583
Gaussian,89,corrected,coverage_95,0.9487506666666666,0.9505053333333334,0.0017546666666667932,0.0018460340926822099,0.95050610041407
Gaussian,89,corrected,coverage_99,0.9893693333333333,0.990116,0.0007466666666666733,0.0007940699749683267,0.9403033614215873
Gaussian,89,corrected,p_abs_gt_3,0.0028486666666666664,0.002629333333333333,-0.00021933333333333353,0.00035733961109960747,-0.6137951867647691
Gaussian,89,oracle,mean,0.020110250605756753,-0.020110250605756715,-0.040220501211513465,0.01770390223346783,-2.271843838782604
Gaussian,89,oracle,variance,0.9929510083705292,0.9765898565615491,-0.016361151808980123,0.014822254909491307,-1.1038233999405447
Gaussian,89,oracle,skewness,-0.014638341019239465,0.005203043920152961,0.019841384939392425,0.021289650158788653,0.9319732729944196
Gaussian,89,oracle,excess_kurtosis,-0.027175787693328513,-0.019579490757700314,0.007596296935628199,0.04007973424350881,0.18952962336217266
Gaussian,89,oracle,coverage_95,0.94903,0.9508340000000001,0.0018040000000000278,0.0018407064471450644,0.9800585002557207
Gaussian,89,oracle,coverage_99,0.9894693333333334,0.9902033333333332,0.0007339999999997904,0.0007903639519918575,0.9286860795586388
Gaussian,89,oracle,p_abs_gt_3,0.002812,0.0026013333333333335,-0.0002106666666666663,0.00035513347461950363,-0.5932041942607025
Gaussian,144,asymptotic,mean,0.02067794569585595,-0.03137373234926196,-0.05205167804511791,0.022624668395051617,-2.3006603737229785
Gaussian,144,asymptotic,variance,1.0031863177764444,0.9808332919664317,-0.02235302581001275,0.019201981673225555,-1.1640999450166583
Gaussian,144,asymptotic,skewness,-0.010108691582584246,0.006331950657974272,0.016440642240558516,0.028124430070911755,0.5845680143244066
Gaussian,144,asymptotic,excess_kurtosis,-0.05360675513635981,-0.03370196084188124,0.01990479429447857,0.04910039286820609,0.4053897154734885
Gaussian,144,asymptotic,coverage_95,0.9473533333333334,0.9495273333333332,0.002173999999999787,0.0024096432416535825,0.9022082449466301
Gaussian,144,asymptotic,coverage_99,0.9890693333333335,0.9894653333333334,0.00039599999999995195,0.0010800611895163232,0.3666458936250548
Gaussian,144,asymptotic,p_abs_gt_3,0.0030519999999999996,0.002942,-0.00010999999999999942,0.0005039737252967398,-0.21826534693893299
Gaussian,144,corrected,mean,0.020563350404546047,-0.031199861982692454,-0.0517632123872385,0.02249928454388692,-2.300660373722978
Gaussian,144,corrected,variance,0.9920979940232613,0.969992038555669,-0.02210595546759231,0.018989740152660018,-1.1640999450166665
Gaussian,144,corrected,skewness,-0.010108691582584225,0.006331950657974289,0.016440642240558516,0.028124430070911755,0.5845680143244066
Gaussian,144,corrected,excess_kurtosis,-0.05360675513635974,-0.03370196084188121,0.019904794294478535,0.0491003928682061,0.40538971547348773
Gaussian,144,corrected,coverage_95,0.9486353333333333,0.950762,0.002126666666666721,0.0023805762907378944,0.8933411102769279
Gaussian,144,corrected,coverage_99,0.9894759999999998,0.9898626666666667,0.00038666666666686833,0.0010588055412912264,0.36519138934173273
Gaussian,144,corrected,p_abs_gt_3,0.0028886666666666666,0.002798,-9.066666666666641e-05,0.0004858333938190206,-0.18662090300948098
Gaussian,144,oracle,mean,0.025808186100353302,-0.025808186100353323,-0.051616372200706626,0.02243545930996321,-2.300660373722978
Gaussian,144,oracle,variance,0.9864772754522941,0.9644965609943341,-0.021980714457960016,0.018882154021272888,-1.1640999450166676
Gaussian,144,oracle,skewness,-0.010108691582584399,0.006331950657974077,0.016440642240558474,0.028124430070911748,0.5845680143244053
Gaussian,144,oracle,excess_kurtosis,-0.0536067551363598,-0.0337019608418812,0.019904794294478598,0.04910039286820609,0.40538971547348907
Gaussian,144,oracle,coverage_95,0.9492313333333332,0.9514093333333333,0.0021780000000001243,0.002369257461096,0.9192753576863691
Gaussian,144,oracle,coverage_99,0.9896853333333334,0.990074,0.0003886666666665928,0.0010472534080082027,0.3711295314911484
Gaussian,144,oracle,p_abs_gt_3,0.0028160000000000004,0.0027226666666666666,-9.333333333333372e-05,0.00047784302886399646,-0.19532216166304736
Gaussian,233,asymptotic,mean,0.02655171609710655,-0.040106636697727356,-0.06665835279483391,0.028530587118668006,-2.3363820911774478
Gaussian,233,asymptotic,variance,0.9911832022106362,0.9630099103406845,-0.028173291869951655,0.02444053459937381,-1.1527281351150755
Gaussian,233,asymptotic,skewness,0.0021877988392813436,0.003567598055436163,0.0013797992161548194,0.03527666219469561,0.039113655610033694
Gaussian,233,asymptotic,excess_kurtosis,-0.08301953379827341,-0.0550071474218824,0.02801238637639101,0.060264829589045533,0.4648214649806772
Gaussian,233,asymptotic,coverage_95,0.9472406666666666,0.9502313333333333,0.002990666666666697,0.0030868247907662157,0.9688488558251956
Gaussian,233,asymptotic,coverage_99,0.9889193333333334,0.9892653333333333,0.00034599999999995745,0.0014018475144612443,0.24681714411209096
Gaussian,233,asymptotic,p_abs_gt_3,0.0033126666666666665,0.002987333333333333,-0.0003253333333333333,0.0006983699852208069,-0.46584667184754674
Gaussian,233,corrected,mean,0.02646082739245591,-0.03996934838671882,-0.06643017577917473,0.028432924576003937,-2.3363820911774478
Gaussian,233,corrected,variance,0.984409013395088,0.9564282703882091,-0.027980743006878916,0.024273497067099418,-1.1527281351150818
Gaussian,233,corrected,skewness,0.0021877988392813505,0.0035675980554361977,0.0013797992161548472,0.03527666219469561,0.039113655610034485
Gaussian,233,corrected,excess_kurtosis,-0.08301953379827333,-0.05500714742188239,0.02801238637639094,0.06026482958904555,0.46482146498067595
Gaussian,233,corrected,coverage_95,0.9480446666666666,0.9510460000000002,0.0030013333333335224,0.0030636393096908523,0.979662757244221
Gaussian,233,corrected,coverage_99,0.9891953333333333,0.989504,0.0003086666666667348,0.0013829159514066535,0.22319987440507136
Gaussian,233,corrected,p_abs_gt_3,0.003220666666666667,0.0028966666666666667,-0.00032400000000000007,0.0006845673581440013,-0.47329162885947224
Gaussian,233,oracle,mean,0.03305252882574488,-0.03305252882574494,-0.06610505765148983,0.028293770056324725,-2.336382091177448
Gaussian,233,oracle,variance,0.9747969348532545,0.9470894046022336,-0.027707530251020906,0.02403648302403489,-1.1527281351150753
Gaussian,233,oracle,skewness,0.0021877988392812937,0.0035675980554360893,0.0013797992161547956,0.03527666219469561,0.03911365561003302
Gaussian,233,oracle,excess_kurtosis,-0.08301953379827343,-0.055007147421882396,0.02801238637639103,0.060264829589045533,0.46482146498067756
Gaussian,233,oracle,coverage_95,0.9491566666666666,0.9521859999999999,0.0030293333333332173,0.003023197119506404,1.0020297101327666
Gaussian,233,oracle,coverage_99,0.9895373333333333,0.9898919999999999,0.0003546666666666143,0.001358128840058568,0.261143608916603
Gaussian,233,oracle,p_abs_gt_3,0.003088,0.0027459999999999997,-0.0003420000000000003,0.0006650731235353921,-0.5142291695415364
Gaussian,377,asymptotic,mean,0.03404032208874336,-0.051258619557456,-0.08529894164619936,0.035769504569495084,-2.384683340538743
Gaussian,377,asymptotic,variance,0.9762140537828882,0.9405780880023772,-0.03563596578051098,0.030881547709230295,-1.1539565994569507
Gaussian,377,asymptotic,skewness,0.0218256932504394,-0.003970409538432403,-0.025796102788871803,0.041156167670614634,-0.6267858318424078
Gaussian,377,asymptotic,excess_kurtosis,-0.12463713451450487,-0.09793172048362016,0.026705414030884708,0.07256192668817446,0.3680361761292225
Gaussian,377,asymptotic,coverage_95,0.9459626666666668,0.9495779999999999,0.0036153333333330817,0.004154038048405713,0.8703178187596567
Gaussian,377,asymptotic,coverage_99,0.9889326666666666,0.9895046666666666,0.0005720000000000169,0.0016709242545152928,0.34232551143734796
Gaussian,377,asymptotic,p_abs_gt_3,0.003495333333333333,0.0028353333333333334,-0.0006599999999999996,0.0008373101740008778,-0.7882383619517653
Gaussian,377,corrected,mean,0.033968332369161254,-0.05115021595191765,-0.0851185483210789,0.03569385791148652,-2.3846833405387424
Gaussian,377,corrected,variance,0.9720893534808818,0.9366039568078808,-0.03548539667300099,0.030751066972276035,-1.1539565994569634
Gaussian,377,corrected,skewness,0.02182569325043941,-0.003970409538432426,-0.025796102788871834,0.04115616767061464,-0.6267858318424084
Gaussian,377,corrected,excess_kurtosis,-0.12463713451450488,-0.09793172048362021,0.026705414030884667,0.07256192668817446,0.36803617612922196
Gaussian,377,corrected,coverage_95,0.9464459999999999,0.9500540000000001,0.0036080000000001666,0.004130874210182497,0.8734228679988708
Gaussian,377,corrected,coverage_99,0.9890733333333332,0.9896506666666668,0.0005773333333335406,0.0016562291956543976,0.348582994943178
Gaussian,377,corrected,p_abs_gt_3,0.003435333333333333,0.0027793333333333333,-0.0006559999999999999,0.000827505940686437,-0.7927435535457683
Gaussian,377,oracle,mean,0.04221006586863296,-0.04221006586863294,-0.0844201317372659,0.0354009818839066,-2.3846833405387424
Gaussian,377,oracle,variance,0.9562023821812421,0.9212969275439006,-0.034905454637341515,0.03024849864697501,-1.1539565994569527
Gaussian,377,oracle,skewness,0.021825693250439485,-0.003970409538432342,-0.025796102788871827,0.041156167670614634,-0.6267858318424083
Gaussian,377,oracle,excess_kurtosis,-0.12463713451450498,-0.09793172048362013,0.026705414030884847,0.07256192668817447,0.36803617612922435
Gaussian,377,oracle,coverage_95,0.9483246666666666,0.9519726666666667,0.0036480000000000956,0.004049141118083198,0.9009318009956155
Gaussian,377,oracle,coverage_99,0.98961,0.9902786666666668,0.0006686666666667618,0.0016043968519289524,0.4167713654279673
Gaussian,377,oracle,p_abs_gt_3,0.0032326666666666667,0.0025619999999999996,-0.0006706666666666671,0.0007971122324435319,-0.8413704361439186
Laplace,2,asymptotic,mean,-0.0014900086419394156,0.0013239647011236923,0.002813973343063108,0.00386874350255219,0.7273610517747543
Laplace,2,asymptotic,variance,2.367622481394338,2.3664107488572586,-0.001211732537079513,0.008064489656999418,-0.15025532781579218
Laplace,2,asymptotic,skewness,0.00026638927717060403,0.0070522857107491385,0.006785896433578535,0.008634118756318497,0.7859396685518806
Laplace,2,asymptotic,excess_kurtosis,0.5134660541467694,0.5402987178961948,0.02683266374942539,0.0336669599851943,0.7970028705064425
Laplace,2,asymptotic,coverage_95,0.8097733333333332,0.8096546666666667,-0.00011866666666648928,0.0006269324856158496,-0.18928141289395845
Laplace,2,asymptotic,coverage_99,0.9093140000000001,0.9087926666666668,-0.0005213333333332626,0.0004875359983709946,-1.0693227476026286
Laplace,2,asymptotic,p_abs_gt_3,0.05262,0.05263466666666666,1.4666666666662831e-05,0.00039575003038497367,0.03706043093008873
Laplace,2,corrected,mean,-0.0009724243502923874,0.0008640590920496274,0.0018364834423420149,0.0025248580988231524,0.7273610517747544
Laplace,2,corrected,variance,1.0084317976309214,1.0079156893280914,-0.0005161083028299984,0.0034348752242775275,-0.15025532781574438
Laplace,2,corrected,skewness,0.00026638927717061167,0.007052285710749169,0.006785896433578557,0.008634118756318499,0.785939668551883
Laplace,2,corrected,excess_kurtosis,0.5134660541467693,0.5402987178961945,0.02683266374942528,0.0336669599851943,0.7970028705064391
Laplace,2,corrected,coverage_95,0.9476086666666667,0.9475853333333332,-2.3333333333486195e-05,0.00039565397487736394,-0.058974090531299594
Laplace,2,corrected,coverage_99,0.9852473333333333,0.9853566666666667,0.00010933333333340567,0.0002252129856133725,0.48546638212549753
Laplace,2,corrected,p_abs_gt_3,0.005934000000000001,0.005838,-9.60000000000006e-05,0.00014718323703179619,-0.6522481903238858
Laplace,2,oracle,mean,-0.0009144032454689392,0.0009144032454689392,0.0018288064909378783,0.0025143035724494874,0.7273610517747531
Laplace,2,oracle,variance,1.000018434720358,0.9995066323175038,-0.0005118024028542001,0.0034062180043423367,-0.15025532781570083
Laplace,2,oracle,skewness,0.0002663892771707,0.007052285710749212,0.006785896433578512,0.008634118756318495,0.7859396685518781
Laplace,2,oracle,excess_kurtosis,0.5134660541467693,0.5402987178961948,0.0268326637494255,0.03366695998519428,0.7970028705064462
Laplace,2,oracle,coverage_95,0.9484673333333333,0.9484526666666667,-1.466666666660732e-05,0.0003952758101400481,-0.03710489306545435
Laplace,2,oracle,coverage_99,0.985592,0.9857133333333333,0.00012133333333330665,0.00021842841106466427,0.555483294237702
Laplace,2,oracle,p_abs_gt_3,0.005784,0.005673999999999999,-0.00011000000000000072,0.0001460841862546532,-0.7529904695382242
Laplace,3,asymptotic,mean,-0.0013218675183380314,0.0014658375445172009,0.002787705062855232,0.003868094323464993,0.7206921108268215
Laplace,3,asymptotic,variance,1.6914427054685277,1.6895271763662716,-0.0019155291022561194,0.005920073965509055,-0.3235650624326966
Laplace,3,asymptotic,skewness,0.004768116159368329,0.004413007921953627,-0.0003551082374147014,0.007564643210881415,-0.04694315746496721
Laplace,3,asymptotic,excess_kurtosis,0.3413701943328935,0.35434611002172084,0.012975915688827333,0.026234929274076946,0.4946045614709926
Laplace,3,asymptotic,coverage_95,0.872418,0.8721333333333333,-0.0002846666666667108,0.0006007730186043987,-0.47383397364947266
Laplace,3,asymptotic,coverage_99,0.9505800000000001,0.950478,-0.0001020000000000465,0.00039736452838804413,-0.25669125629764056
Laplace,3,asymptotic,p_abs_gt_3,0.024369333333333337,0.02433133333333333,-3.800000000000678e-05,0.0003057654721786098,-0.12427825721868774
Laplace,3,corrected,mean,-0.0010181627936621431,0.001129055089618162,0.002147217883280305,0.0029793830833209555,0.7206921108268222
Laplace,3,corrected,variance,1.0034965296503957,1.0023600874875345,-0.0011364421628612398,0.003512252386944671,-0.323565062432725
Laplace,3,corrected,skewness,0.00476811615936833,0.004413007921953639,-0.000355108237414691,0.007564643210881415,-0.046943157464965836
Laplace,3,corrected,excess_kurtosis,0.34137019433289345,0.35434611002172084,0.012975915688827389,0.026234929274076953,0.4946045614709946
Laplace,3,corrected,coverage_95,0.9480093333333333,0.9478993333333335,-0.00010999999999972143,0.0004033880084733762,-0.2726903073197861
Laplace,3,corrected,coverage_99,0.9866386666666668,0.9868133333333334,0.0001746666666666563,0.0002284832469833334,0.7644615917043462
Laplace,3,corrected,p_abs_gt_3,0.004848,0.004799333333333333,-4.8666666666666476e-05,0.00014326046291255004,-0.33970759047717086
Laplace,3,oracle,mean,-0.0010718486684124973,0.0010718486684125259,0.002143697336825023,0.0029744981312000737,0.7206921108268236
Laplace,3,oracle,variance,1.0002085913664593,0.999075872735852,-0.0011327186306073767,0.003500744555333231,-0.32356506243271294
Laplace,3,oracle,skewness,0.004768116159368354,0.004413007921953704,-0.0003551082374146494,0.007564643210881415,-0.04694315746496033
Laplace,3,oracle,excess_kurtosis,0.34137019433289334,0.35434611002172073,0.012975915688827389,0.02623492927407692,0.49460456147099513
Laplace,3,oracle,coverage_95,0.9483673333333332,0.9482433333333334,-0.00012399999999979094,0.000404021735273116,-0.30691418103030466
Laplace,3,oracle,coverage_99,0.9867546666666668,0.9869493333333333,0.0001946666666665653,0.00022755195538087754,0.8554822846533281
Laplace,3,oracle,p_abs_gt_3,0.004796000000000001,0.004732,-6.400000000000069e-05,0.0001418874275799768,-0.45106181070148876
Laplace,5,asymptotic,mean,-0.0013647161286487455,0.0017162694434731923,0.003080985572121938,0.004349351902069491,0.7083780851707944
Laplace,5,asymptotic,variance,1.3457405674090817,1.3458465184857662,0.00010595107668454062,0.005326534814698215,0.019891182611287125
Laplace,5,asymptotic,skewness,0.008143594934151155,0.0023652642026744004,-0.005778330731476754,0.0071552478139660656,-0.8075654235480485
Laplace,5,asymptotic,excess_kurtosis,0.20638350680687065,0.20734701528643482,0.000963508479564168,0.01887780917332375,0.05103921067947348
Laplace,5,asymptotic,coverage_95,0.9098506666666667,0.9090286666666666,-0.0008220000000001004,0.0006229442523376129,-1.3195402267787626
Laplace,5,asymptotic,coverage_99,0.971314,0.9712806666666666,-3.3333333333440684e-05,0.00036959708107502825,-0.0901883024521885
Laplace,5,asymptotic,p_abs_gt_3,0.011862000000000003,0.011661999999999999,-0.000200000000000004,0.00024666311993656875,-0.8108224693315947
Laplace,5,corrected,mean,-0.0011786644238844228,0.001482290486904934,0.002660954910789357,0.003756404900848658,0.7083780851707935
Laplace,5,corrected,variance,1.0038227788007001,1.0039018104556792,7.903165497902265e-05,0.00397320041363045,0.019891182611352018
Laplace,5,corrected,skewness,0.008143594934151182,0.002365264202674375,-0.005778330731476808,0.007155247813966066,-0.8075654235480559
Laplace,5,corrected,excess_kurtosis,0.20638350680687068,0.2073470152864346,0.0009635084795639182,0.018877809173323754,0.05103921067946024
Laplace,5,corrected,coverage_95,0.948338,0.9481160000000001,-0.00022199999999994446,0.00048165843615866104,-0.46090752976413435
Laplace,5,corrected,coverage_99,0.9877086666666667,0.9878533333333333,0.0001446666666665708,0.0002512154407293048,0.575866938141176
Laplace,5,corrected,p_abs_gt_3,0.004088666666666667,0.004040666666666666,-4.80000000000003e-05,0.000144353529643261,-0.3325169818751372
Laplace,5,oracle,mean,-0.0013275135027975892,0.0013275135027975924,0.0026550270055951813,0.0037480366222157335,0.7083780851707911
Laplace,5,oracle,variance,0.9993552561870186,0.9994339361108819,7.86799238633451e-05,0.003955517648234557,0.019891182611323163
Laplace,5,oracle,skewness,0.00814359493415131,0.002365264202674555,-0.005778330731476756,0.007155247813966065,-0.8075654235480488
Laplace,5,oracle,excess_kurtosis,0.20638350680687076,0.20734701528643465,0.0009635084795638904,0.018877809173323747,0.05103921067945879
Laplace,5,oracle,coverage_95,0.9488186666666666,0.9485939999999999,-0.0002246666666666508,0.0004775310724405257,-0.4704754928688583
Laplace,5,oracle,coverage_99,0.9878766666666667,0.9880413333333333,0.0001646666666665908,0.00024997960150698365,0.658720414281445
Laplace,5,oracle,p_abs_gt_3,0.004022,0.003958,-6.400000000000069e-05,0.00014274904983246008,-0.4483392364090367
Laplace,8,asymptotic,mean,-0.001557152419560777,0.0019042760630320393,0.0034614284825928163,0.005133482793483975,0.6742846176452509
Laplace,8,asymptotic,variance,1.1978385316198097,1.200331250922618,0.002492719302808366,0.005583213838487318,0.4464667438716136
Laplace,8,asymptotic,skewness,0.008829015889499183,0.0019123571146498197,-0.0069166587748493635,0.007530196714862556,-0.9185229864178401
Laplace,8,asymptotic,excess_kurtosis,0.13219204896235612,0.12229866554188311,-0.00989338342047301,0.016299683092105204,-0.6069678388572411
Laplace,8,asymptotic,coverage_95,0.9264653333333334,0.9259966666666668,-0.00046866666666656176,0.0006969233473250726,-0.6724795036145591
Laplace,8,asymptotic,coverage_99,0.9797833333333333,0.9796793333333333,-0.00010399999999999299,0.000356267420421516,-0.29191555005772324
Laplace,8,asymptotic,p_abs_gt_3,0.007429333333333333,0.007367333333333333,-6.199999999999956e-05,0.00021866639922961826,-0.2835369321415235
Laplace,8,corrected,mean,-0.0014254837846077722,0.0017432555831847047,0.003168739367792477,0.004699409247771961,0.6742846176452518
Laplace,8,corrected,variance,1.0038309743066764,1.0059199610777294,0.0020889867710529586,0.004678930289270515,0.4464667438716317
Laplace,8,corrected,skewness,0.008829015889499163,0.0019123571146497838,-0.006916658774849379,0.007530196714862555,-0.9185229864178422
Laplace,8,corrected,excess_kurtosis,0.13219204896235623,0.12229866554188301,-0.009893383420473217,0.0162996830921052,-0.606967838857254
Laplace,8,corrected,coverage_95,0.9485553333333332,0.9482333333333334,-0.00032199999999982243,0.0005893387115734588,-0.5463751042929519
Laplace,8,corrected,coverage_99,0.9882986666666667,0.988438,0.00013933333333338016,0.0002709718355706264,0.514198580970472
Laplace,8,corrected,p_abs_gt_3,0.0036939999999999994,0.0036220000000000002,-7.199999999999915e-05,0.00015615673637659527,-0.46107520988630557
Laplace,8,oracle,mean,-0.001579745418514772,0.0015797454185147537,0.0031594908370295256,0.004685693184078777,0.6742846176452529
Laplace,8,oracle,variance,0.9979798063044663,1.0000566167103095,0.002076810405843288,0.004651657563190249,0.4464667438716078
Laplace,8,oracle,skewness,0.00882901588949917,0.0019123571146498035,-0.006916658774849366,0.007530196714862554,-0.9185229864178407
Laplace,8,oracle,excess_kurtosis,0.13219204896235623,0.12229866554188318,-0.00989338342047305,0.016299683092105208,-0.6069678388572436
Laplace,8,oracle,coverage_95,0.9492013333333333,0.9489293333333334,-0.00027199999999993896,0.0005840216931002616,-0.46573612455392727
Laplace,8,oracle,coverage_99,0.988552,0.9886533333333335,0.00010133333333350869,0.0002676140364678576,0.37865477712219914
Laplace,8,oracle,p_abs_gt_3,0.00359,0.0035166666666666666,-7.333333333333324e-05,0.00015384789328751254,-0.47666127735845654
Laplace,13,asymptotic,mean,-0.00179652189608835,0.0021634033503570666,0.003959925246445417,0.006297141896541906,0.6288448492196153
Laplace,13,asymptotic,variance,1.1165227667104565,1.1206744570345586,0.00415169032410212,0.006333314403916432,0.6555320104643428
Laplace,13,asymptotic,skewness,0.00887659652679586,0.0034664776457695354,-0.005410118881026323,0.008590165191807551,-0.629803823352077
Laplace,13,asymptotic,excess_kurtosis,0.08685652370885609,0.06438138872262661,-0.02247513498622948,0.017217422854074935,-1.3053716097185926
Laplace,13,asymptotic,coverage_95,0.935912,0.9354073333333334,-0.0005046666666665978,0.000805305352714802,-0.6266774025098588
Laplace,13,asymptotic,coverage_99,0.9840413333333332,0.984314,0.00027266666666680983,0.00038641585937208774,0.7056301133961832
Laplace,13,asymptotic,p_abs_gt_3,0.0053626666666666675,0.00525,-0.00011266666666666716,0.00021571936501956529,-0.5222835078178936
Laplace,13,corrected,mean,-0.0017035384179776734,0.002051431006178861,0.0037549694241565345,0.005971217588593401,0.6288448492196157
Laplace,13,corrected,variance,1.0039369016574617,1.007669951484023,0.0037330498265613077,0.005694687318041314,0.6555320104643233
Laplace,13,corrected,skewness,0.008876596526795866,0.0034664776457695467,-0.00541011888102632,0.008590165191807551,-0.6298038233520765
Laplace,13,corrected,excess_kurtosis,0.08685652370885603,0.06438138872262648,-0.02247513498622955,0.01721742285407494,-1.3053716097185961
Laplace,13,corrected,coverage_95,0.9487406666666667,0.9485766666666667,-0.00016399999999994197,0.0007204453918050278,-0.2276369616148851
Laplace,13,corrected,coverage_99,0.988746,0.988946,0.00019999999999997797,0.00032137114140245386,0.62233341527551
Laplace,13,corrected,p_abs_gt_3,0.003394666666666667,0.003354666666666667,-4.0000000000000105e-05,0.00017092152024210218,-0.2340255337264846
Laplace,13,oracle,mean,-0.0018705424044815362,0.001870542404481556,0.0037410848089630922,0.005949138032387004,0.6288448492196166
Laplace,13,oracle,variance,0.9965261855614922,1.0002316793012207,0.003705493739728505,0.0056526510995303205,0.655532010464328
Laplace,13,oracle,skewness,0.00887659652679581,0.0034664776457694925,-0.005410118881026318,0.008590165191807551,-0.6298038233520764
Laplace,13,oracle,excess_kurtosis,0.08685652370885605,0.06438138872262651,-0.022475134986229536,0.017217422854074946,-1.3053716097185948
Laplace,13,oracle,coverage_95,0.9495266666666667,0.9494173333333332,-0.00010933333333351669,0.0007172187738693429,-0.15244070194045722
Laplace,13,oracle,coverage_99,0.9890326666666667,0.9892366666666668,0.000204000000000093,0.00031906405523817496,0.6393700470202168
Laplace,13,oracle,p_abs_gt_3,0.003282,0.0032393333333333336,-4.266666666666655e-05,0.00016798615927391856,-0.2539891789364277
Laplace,21,asymptotic,mean,-0.0019989507382994465,0.0025568878450067736,0.004555838583306221,0.007842963883992651,0.5808822596524518
Laplace,21,asymptotic,variance,1.0723119721979253,1.0762002876415255,0.003888315443600243,0.00753364679512836,0.5161265917211073
Laplace,21,asymptotic,skewness,0.009952801936432248,0.006454485015438553,-0.003498316920993696,0.010813427561606656,-0.32351600832048455
Laplace,21,asymptotic,excess_kurtosis,0.05863400332772853,0.02276201370058284,-0.03587198962714569,0.01977667052517863,-1.8138538325485747
Laplace,21,asymptotic,coverage_95,0.9412913333333334,0.9407646666666668,-0.0005266666666665643,0.0009723751447986638,-0.541629091903222
Laplace,21,asymptotic,coverage_99,0.986278,0.9867026666666666,0.0004246666666666288,0.0004530443402902258,0.9373622599381378
Laplace,21,asymptotic,p_abs_gt_3,0.0044006666666666664,0.004170666666666667,-0.0002299999999999993,0.00023770488361812516,-0.9675863469826568
Laplace,21,corrected,mean,-0.0019351224751627052,0.002475244157118263,0.004410366632280968,0.0075925311179579355,0.5808822596524527
Laplace,21,corrected,variance,1.0049255441458709,1.0085695093484244,0.0036439652025535008,0.007060215964463531,0.5161265917211056
Laplace,21,corrected,skewness,0.009952801936432255,0.0064544850154385535,-0.003498316920993702,0.010813427561606656,-0.3235160083204851
Laplace,21,corrected,excess_kurtosis,0.05863400332772853,0.02276201370058284,-0.03587198962714569,0.01977667052517862,-1.8138538325485756
Laplace,21,corrected,coverage_95,0.9489833333333334,0.9485899999999999,-0.00039333333333346765,0.0009094723102112215,-0.43248522128410644
Laplace,21,corrected,coverage_99,0.988938,0.9893993333333334,0.00046133333333342463,0.0003980273580770265,1.159049306465379
Laplace,21,corrected,p_abs_gt_3,0.003306,0.0031420000000000003,-0.00016399999999999965,0.0002011925847051796,-0.8151393861772757
Laplace,21,oracle,mean,-0.002194862639974741,0.0021948626399747,0.004389725279949441,0.007556996632288035,0.5808822596524517
Laplace,21,oracle,variance,0.9955410719194253,0.9991510080434697,0.003609936124044366,0.0069942843130917556,0.5161265917210948
Laplace,21,oracle,skewness,0.009952801936432082,0.006454485015438422,-0.0034983169209936603,0.010813427561606654,-0.32351600832048133
Laplace,21,oracle,excess_kurtosis,0.0586340033277285,0.02276201370058284,-0.03587198962714566,0.019776670525178633,-1.813853832548573
Laplace,21,oracle,coverage_95,0.9500660000000001,0.9496726666666667,-0.00039333333333335663,0.0009025491592125725,-0.43580266993602834
Laplace,21,oracle,coverage_99,0.9893033333333333,0.9897300000000001,0.0004266666666667973,0.0003923038683803649,1.0875923003979033
Laplace,21,oracle,p_abs_gt_3,0.003166,0.003016,-0.00014999999999999996,0.00019592755553403884,-0.7655890953732651
Laplace,35,asymptotic,mean,-0.002159195325997948,0.003148352189032547,0.005307547515030495,0.010009573984340792,0.530247093765803
Laplace,35,asymptotic,variance,1.0468720486021523,1.0477716066028686,0.0008995580007162829,0.009371786076188202,0.0959857591075277
Laplace,35,asymptotic,skewness,0.011457182088788176,0.008905513371368202,-0.002551668717419974,0.014481891110923682,-0.1761972036576944
Laplace,35,asymptotic,excess_kurtosis,0.038987951126876544,-0.008996895179343658,-0.0479848463062202,0.02310688744763324,-2.0766469051691825
Laplace,35,asymptotic,coverage_95,0.9439846666666666,0.94392,-6.466666666660181e-05,0.0012180391931392814,-0.05309079299815868
Laplace,35,asymptotic,coverage_99,0.9875146666666668,0.9881213333333333,0.0006066666666665332,0.0005214962728276195,1.1633192762377935
Laplace,35,asymptotic,p_abs_gt_3,0.0038700000000000006,0.00358,-0.00029000000000000076,0.00026933808402966695,-1.0767136814118643
Laplace,35,corrected,mean,-0.0021179228083922255,0.0030881721675281013,0.005206094975920327,0.009818243300395572,0.5302470937658039
Laplace,35,corrected,variance,1.0072331162446495,1.0080986132359144,0.0008654969912649246,0.009016931254303286,0.09598575910755341
Laplace,35,corrected,skewness,0.011457182088788168,0.008905513371368178,-0.0025516687174199897,0.014481891110923684,-0.17619720365769545
Laplace,35,corrected,excess_kurtosis,0.03898795112687652,-0.008996895179343491,-0.04798484630622001,0.02310688744763325,-2.0766469051691736
Laplace,35,corrected,coverage_95,0.948414,0.9486026666666666,0.0001886666666666148,0.001165771147031638,0.16183851105511582
Laplace,35,corrected,coverage_99,0.9891,0.9896466666666667,0.0005466666666666953,0.00047648848098838655,1.1472820193527808
Laplace,35,corrected,p_abs_gt_3,0.003246666666666667,0.0029966666666666666,-0.0002500000000000002,0.00023965631336981654,-1.043160501322668
Laplace,35,oracle,mean,-0.002587328845349155,0.002587328845349184,0.00517465769069834,0.009758955308831644,0.5302470937658036
Laplace,35,oracle,variance,0.9951053811635626,0.9959604570139274,0.000855075850364817,0.008908361597753192,0.09598575910754213
Laplace,35,oracle,skewness,0.011457182088788154,0.008905513371368164,-0.0025516687174199897,0.014481891110923684,-0.17619720365769545
Laplace,35,oracle,excess_kurtosis,0.038987951126876474,-0.008996895179343413,-0.04798484630621989,0.023106887447633236,-2.0766469051691696
Laplace,35,oracle,coverage_95,0.9498006666666666,0.9500319999999999,0.00023133333333325012,0.0011472420730905075,0.2016429999904649
Laplace,35,oracle,coverage_99,0.9895606666666668,0.990128,0.0005673333333332531,0.00046435593829184587,1.2217639240712936
Laplace,35,oracle,p_abs_gt_3,0.003072,0.002827333333333333,-0.0002446666666666669,0.0002321059548331448,-1.0541162842743594
Laplace,55,asymptotic,mean,-0.002279206753275103,0.0038473217707577522,0.006126528524032855,0.012486069517569564,0.4906691025075596
Laplace,55,asymptotic,variance,1.0345252185459588,1.0307892475679539,-0.003735970978004932,0.011536957843548468,-0.3238263525504783
Laplace,55,asymptotic,skewness,0.012601090754024685,0.00822618140623733,-0.004374909347787356,0.01866046935559265,-0.23444798008128184
Laplace,55,asymptotic,excess_kurtosis,0.029185487014941044,-0.0286792254481306,-0.05786471246307165,0.027159092206262177,-2.1305834533648205
Laplace,55,asymptotic,coverage_95,0.9450473333333335,0.945852,0.0008046666666665647,0.0014972479815076236,0.5374304568147235
Laplace,55,asymptotic,coverage_99,0.988036,0.9888846666666667,0.0008486666666667197,0.0006063662684071303,1.399594124679941
Laplace,55,asymptotic,p_abs_gt_3,0.003572,0.003267333333333334,-0.0003046666666666662,0.000293813729431317,-1.0369381555326065
Laplace,55,corrected,mean,-0.0022515177294283096,0.0038005824461643466,0.006052100175592656,0.012334382060462867,0.4906691025075594
Laplace,55,corrected,variance,1.0095419685204337,1.0058962193131098,-0.003645749207323856,0.011258346266786299,-0.3238263525504921
Laplace,55,corrected,skewness,0.012601090754024666,0.00822618140623732,-0.0043749093477873455,0.018660469355592655,-0.23444798008128123
Laplace,55,corrected,excess_kurtosis,0.029185487014941086,-0.028679225448130483,-0.057864712463071566,0.02715909220626217,-2.130583453364818
Laplace,55,corrected,coverage_95,0.9479626666666666,0.9486739999999999,0.0007113333333332861,0.0014527099500004843,0.48965957267178417
Laplace,55,corrected,coverage_99,0.989048,0.9898333333333333,0.0007853333333333046,0.0005708701227740188,1.3756777627757932
Laplace,55,corrected,p_abs_gt_3,0.003192,0.0029186666666666666,-0.00027333333333333333,0.0002738213187826745,-0.9982178690413492
Laplace,55,oracle,mean,-0.003003768764648279,0.0030037687646482566,0.006007537529296536,0.01224356190066804,0.4906691025075594
Laplace,55,oracle,variance,0.9947298425764354,0.9911375842571606,-0.003592258319274788,0.011093162403188056,-0.3238263525505055
Laplace,55,oracle,skewness,0.012601090754024671,0.008226181406237326,-0.0043749093477873455,0.018660469355592655,-0.23444798008128123
Laplace,55,oracle,excess_kurtosis,0.02918548701494106,-0.0286792254481306,-0.05786471246307166,0.02715909220626217,-2.1305834533648214
Laplace,55,oracle,coverage_95,0.9496193333333335,0.9503486666666667,0.0007293333333332486,0.0014238524629529945,0.5122253550207372
Laplace,55,oracle,coverage_99,0.9896566666666667,0.990368,0.0007113333333332861,0.00055426385086371,1.2833839555381692
Laplace,55,oracle,p_abs_gt_3,0.00298,0.002714666666666667,-0.00026533333333333313,0.00026192010745656487,-1.0130315534378525
Laplace,89,asymptotic,mean,-0.0025153979134037753,0.004869724637207296,0.0073851225506110715,0.01584334789064089,0.4661339637043298
Laplace,89,asymptotic,variance,1.0254795421481229,1.016516237817459,-0.008963304330663835,0.014573607470086309,-0.6150367607376453
Laplace,89,asymptotic,skewness,0.014063669666043527,0.0070349021261459825,-0.007028767539897544,0.023677375622240218,-0.29685585311639884
Laplace,89,asymptotic,excess_kurtosis,0.02529883461927777,-0.040543302268093766,-0.06584213688737153,0.03511059941337912,-1.8752780638168758
Laplace,89,asymptotic,coverage_95,0.9457633333333333,0.9471526666666668,0.0013893333333334645,0.0018378446847816378,0.7559579679599189
Laplace,89,asymptotic,coverage_99,0.9881746666666666,0.989284,0.0011093333333334066,0.0007554859355609543,1.4683705958201827
Laplace,89,asymptotic,p_abs_gt_3,0.003456666666666667,0.0031780000000000003,-0.00027866666666666665,0.0003862278332555624,-0.7215085052720066
Laplace,89,corrected,mean,-0.002496529651090889,0.004833196324387782,0.0073297259754786705,0.015724505284339118,0.4661339637043297
Laplace,89,corrected,variance,1.0101527841851545,1.0013234448829265,-0.008829339302228068,0.014355791175210813,-0.6150367607376687
Laplace,89,corrected,skewness,0.01406366966604352,0.007034902126145932,-0.007028767539897588,0.023677375622240218,-0.29685585311640067
Laplace,89,corrected,excess_kurtosis,0.025298834619277705,-0.0405433022680936,-0.06584213688737131,0.03511059941337912,-1.8752780638168693
Laplace,89,corrected,coverage_95,0.9475319999999999,0.948982,0.0014500000000000624,0.0017954179535891286,0.8076113960548524
Laplace,89,corrected,coverage_99,0.9887826666666667,0.9898706666666666,0.0010879999999998669,0.000731098220615489,1.4881721351802952
Laplace,89,corrected,p_abs_gt_3,0.0032140000000000003,0.0029733333333333335,-0.0002406666666666668,0.00037377512080885285,-0.6438809146683222
Laplace,89,oracle,mean,-0.003633331026355199,0.0036333310263552236,0.007266662052710423,0.015589213870971431,0.46613396370432925
Laplace,89,oracle,variance,0.9928451395503249,0.9841670794104133,-0.00867806013991168,0.014109823499823178,-0.6150367607376827
Laplace,89,oracle,skewness,0.014063669666043646,0.007034902126146066,-0.007028767539897581,0.023677375622240218,-0.29685585311640034
Laplace,89,oracle,excess_kurtosis,0.025298834619277843,-0.04054330226809361,-0.06584213688737145,0.03511059941337912,-1.8752780638168733
Laplace,89,oracle,coverage_95,0.9495780000000001,0.950996,0.0014179999999998083,0.0017492429520404409,0.8106363946447535
Laplace,89,oracle,coverage_99,0.9894606666666667,0.990488,0.00102733333333338,0.0007097808870365133,1.4473950371116868
Laplace,89,oracle,p_abs_gt_3,0.0029739999999999996,0.0027706666666666665,-0.00020333333333333314,0.0003590276081192265,-0.566344561629951
Laplace,144,asymptotic,mean,-0.00304147626079372,0.00630930159478139,0.00935077785557511,0.020102114844254122,0.46516388589073676
Laplace,144,asymptotic,variance,1.0157975640834476,1.003189694803367,-0.01260786928008062,0.018653000180643864,-0.6759164294204935
Laplace,144,asymptotic,skewness,0.01660722668854713,0.011946990688856107,-0.004660235999691021,0.02879747199501169,-0.16182795491556584
Laplace,144,asymptotic,excess_kurtosis,0.012901199294972488,-0.052003059988683466,-0.06490425928365595,0.04746430253676219,-1.3674331195193719
Laplace,144,asymptotic,coverage_95,0.9464179999999999,0.9484066666666667,0.0019886666666668606,0.002324227617161079,0.8556247468980305
Laplace,144,asymptotic,coverage_99,0.9885,0.9891786666666667,0.0006786666666666052,0.001027206374431407,0.6606916424581866
Laplace,144,asymptotic,p_abs_gt_3,0.0033400000000000005,0.003268,-7.200000000000045e-05,0.0005453540424155188,-0.13202432621768642
Laplace,144,corrected,mean,-0.0030273831670442667,0.006280066588079214,0.00930744975512348,0.020008968962198694,0.46516388589073643
Laplace,144,corrected,variance,1.0064057016225112,0.9939144021968888,-0.012491299425622437,0.018480538246913498,-0.6759164294204827
Laplace,144,corrected,skewness,0.016607226688547107,0.011946990688856107,-0.0046602359996910005,0.028797471995011696,-0.16182795491556506
Laplace,144,corrected,excess_kurtosis,0.012901199294972514,-0.05200305998868358,-0.06490425928365609,0.04746430253676219,-1.3674331195193747
Laplace,144,corrected,coverage_95,0.9475046666666666,0.9494726666666667,0.001968000000000192,0.002291112835661088,0.8589712254099158
Laplace,144,corrected,coverage_99,0.9889100000000001,0.9895073333333334,0.0005973333333333386,0.001011162545571804,0.5907391803120552
Laplace,144,corrected,p_abs_gt_3,0.0032,0.0031433333333333335,-5.666666666666667e-05,0.000533206331369823,-0.10627530719878796
Laplace,144,oracle,mean,-0.004609829137231553,0.00460982913723162,0.009219658274463173,0.019820236596417126,0.4651638858907364
Laplace,144,oracle,variance,0.9875096226520489,0.9752528574505566,-0.012256765201492326,0.018133551232067162,-0.6759164294204879
Laplace,144,oracle,skewness,0.016607226688547246,0.011946990688856227,-0.00466023599969102,0.02879747199501169,-0.16182795491556579
Laplace,144,oracle,excess_kurtosis,0.012901199294972507,-0.05200305998868343,-0.06490425928365594,0.047464302536762176,-1.3674331195193719
Laplace,144,oracle,coverage_95,0.9497186666666667,0.9516460000000001,0.001927333333333392,0.0022317578554014767,0.8635942867496613
Laplace,144,oracle,coverage_99,0.9896066666666666,0.9902053333333333,0.0005986666666666363,0.0009768497403412038,0.6128544052819506
Laplace,144,oracle,p_abs_gt_3,0.002950666666666666,0.00289,-6.06666666666659e-05,0.0005095457029470594,-0.11906030472985663
Laplace,233,asymptotic,mean,-0.003936134500133093,0.008261135155334947,0.012197269655468041,0.025445168420861555,0.47935503722065953
Laplace,233,asymptotic,variance,1.0020892710463247,0.9876240184667653,-0.01446525257955944,0.023833795730162127,-0.6069218996138909
Laplace,233,asymptotic,skewness,0.024731163494897335,0.025219537045622353,0.000488373550725018,0.03405442430002857,0.014340972157459383
Laplace,233,asymptotic,excess_kurtosis,-0.026371875726551253,-0.07818579326175813,-0.05181391753520688,0.059318607245950526,-0.8734850654934087
Laplace,233,asymptotic,coverage_95,0.9470446666666668,0.9492473333333332,0.002202666666666464,0.003008193982484725,0.7322222833672093
Laplace,233,asymptotic,coverage_99,0.988902,0.9887586666666666,-0.00014333333333338416,0.001380565435478314,-0.10382219462399082
Laplace,233,asymptotic,p_abs_gt_3,0.0033486666666666665,0.00335,1.3333333333336549e-06,0.0007597275658214632,0.001755015078190528
Laplace,233,corrected,mean,-0.0039248662823294575,0.008237485488324734,0.012162351770654192,0.02537232494973355,0.4793550372206594
Laplace,233,corrected,variance,0.9963599966268141,0.9819774466606548,-0.014382549966159286,0.023697530069864133,-0.6069218996138929
Laplace,233,corrected,skewness,0.024731163494897363,0.02521953704562238,0.000488373550725018,0.03405442430002857,0.014340972157459383
Laplace,233,corrected,excess_kurtosis,-0.026371875726551263,-0.07818579326175826,-0.05181391753520699,0.059318607245950526,-0.8734850654934105
Laplace,233,corrected,coverage_95,0.947766,0.949896,0.0021299999999999653,0.002982511733186726,0.7141631586220527
Laplace,233,corrected,coverage_99,0.9891359999999999,0.9889813333333333,-0.0001546666666666363,0.0013675355047402416,-0.11309883080221357
Laplace,233,corrected,p_abs_gt_3,0.0032726666666666668,0.0032793333333333333,6.66666666666654e-06,0.0007489649028699503,0.008901173661303238
Laplace,233,oracle,mean,-0.006022084754808316,0.0060220847548083005,0.012044169509616617,0.025125780631094906,0.4793550372206592
Laplace,233,oracle,variance,0.977090701079946,0.9629863052016203,-0.014104395878325682,0.02323922713498824,-0.6069218996138883
Laplace,233,oracle,skewness,0.024731163494897273,0.025219537045622284,0.000488373550725011,0.03405442430002857,0.014340972157459178
Laplace,233,oracle,excess_kurtosis,-0.02637187572655113,-0.07818579326175805,-0.05181391753520692,0.05931860724595055,-0.873485065493409
Laplace,233,oracle,coverage_95,0.94998,0.9521153333333333,0.002135333333333267,0.002904224116978135,0.7352508784876753
Laplace,233,oracle,coverage_99,0.9898453333333334,0.9897140000000001,-0.00013133333333326114,0.0013212865589115157,-0.09939806959169734
Laplace,233,oracle,p_abs_gt_3,0.00301,0.002999333333333333,-1.066666666666707e-05,0.0007151242774257791,-0.014915822330999154
Laplace,377,asymptotic,mean,-0.0051912874226603956,0.010739579380637515,0.01593086680329791,0.032091949545605875,0.4964131823982383
Laplace,377,asymptotic,variance,0.9818514403214363,0.9662440518681792,-0.015607388453257154,0.029973297268973652,-0.5207097608648107
Laplace,377,asymptotic,skewness,0.04080260426754023,0.04033179253234639,-0.00047081173519384484,0.03988760834563484,-0.011803458635929192
Laplace,377,asymptotic,excess_kurtosis,-0.0909741835651488,-0.12289480810704251,-0.031920624541893705,0.06666556286158154,-0.4788172959428972
Laplace,377,asymptotic,coverage_95,0.9476593333333333,0.9488406666666666,0.0011813333333332565,0.003862157490557751,0.3058739412417527
Laplace,377,asymptotic,coverage_99,0.9889353333333334,0.9886653333333334,-0.00026999999999999247,0.0017455103323864448,-0.15468255615012663
Laplace,377,asymptotic,p_abs_gt_3,0.0032926666666666673,0.003136,-0.00015666666666666737,0.0009352826735977545,-0.16750729067183215
Laplace,377,corrected,mean,-0.005182104387046717,0.010720581792582985,0.015902686179629703,0.032035181061876104,0.4964131823982386
Laplace,377,corrected,variance,0.9783808553467699,0.9628286348808839,-0.015552220465886002,0.02986734959616803,-0.5207097608647989
Laplace,377,corrected,skewness,0.04080260426754021,0.04033179253234639,-0.000470811735193824,0.03988760834563484,-0.01180345863592867
Laplace,377,corrected,excess_kurtosis,-0.0909741835651489,-0.1228948081070425,-0.031920624541893594,0.06666556286158155,-0.47881729594289546
Laplace,377,corrected,coverage_95,0.9480773333333333,0.9492346666666666,0.0011573333333332325,0.0038451224119100684,0.3009873833271087
Laplace,377,corrected,coverage_99,0.9890746666666667,0.9888226666666666,-0.00025200000000003,0.0017339903693993199,-0.14532952688043274
Laplace,377,corrected,p_abs_gt_3,0.0032373333333333334,0.0030826666666666663,-0.0001546666666666671,0.0009265597212047717,-0.16692573951472842
Laplace,377,oracle,mean,-0.007875500219368515,0.007875500219368508,0.015751000438737024,0.031729617579134055,0.49641318239823834
Laplace,377,oracle,variance,0.9598055473282393,0.9445485976497435,-0.01525694967849578,0.02930029514552741,-0.5207097608648048
Laplace,377,oracle,skewness,0.040802604267540184,0.04033179253234638,-0.0004708117351938032,0.039887608345634845,-0.011803458635928146
Laplace,377,oracle,excess_kurtosis,-0.09097418356514876,-0.12289480810704247,-0.031920624541893705,0.06666556286158157,-0.478817295942897
Laplace,377,oracle,coverage_95,0.9503399999999999,0.951386,0.0010460000000001024,0.003753423604909888,0.2786789102705648
Laplace,377,oracle,coverage_99,0.989764,0.9896313333333332,-0.00013266666666678084,0.0016702114317955626,-0.07943106132626418
Laplace,377,oracle,p_abs_gt_3,0.0029553333333333337,0.0028366666666666666,-0.0001186666666666671,0.0008898382059388875,-0.13335757655118813
Student-t4,2,asymptotic,mean,-0.0009689660603972444,-0.0021566079475065203,-0.001187641887109276,0.0034357097961317936,-0.34567584504559185
Student-t4,2,asymptotic,variance,2.2705015034011833,2.2630531152346216,-0.007448388166561681,0.007967441603311264,-0.9348531859293623
Student-t4,2,asymptotic,skewness,0.0049564066240618395,-0.011254091631690055,-0.016210498255751896,0.008886988743329606,-1.8240709788137368
Student-t4,2,asymptotic,excess_kurtosis,0.6024206531855504,0.6313888052237444,0.02896815203819403,0.03187165517677245,0.9089001458357128
Student-t4,2,asymptotic,coverage_95,0.8194840000000001,0.8205839999999999,0.0010999999999997678,0.0006204285106618702,1.7729681681235006
Student-t4,2,asymptotic,coverage_99,0.9149733333333333,0.9156179999999999,0.0006446666666666268,0.0004947877612218904,1.3029155472128227
Student-t4,2,asymptotic,p_abs_gt_3,0.048894,0.048689333333333334,-0.0002046666666666655,0.00038957120226914475,-0.5253639526601007
Student-t4,2,corrected,mean,-0.0009689660603972427,-0.002156607947506524,-0.0011876418871092811,0.003435709796131795,-0.34567584504559323
Student-t4,2,corrected,variance,2.2705015034011846,2.2630531152346234,-0.007448388166561237,0.007967441603311273,-0.9348531859293054
Student-t4,2,corrected,skewness,0.004956406624061831,-0.011254091631690057,-0.01621049825575189,0.008886988743329606,-1.824070978813736
Student-t4,2,corrected,excess_kurtosis,0.6024206531855503,0.6313888052237441,0.028968152038193806,0.03187165517677244,0.908900145835706
Student-t4,2,corrected,coverage_95,0.8194840000000001,0.8205839999999999,0.0010999999999997678,0.0006204285106618702,1.7729681681235006
Student-t4,2,corrected,coverage_99,0.9149733333333333,0.9156179999999999,0.0006446666666666268,0.0004947877612218904,1.3029155472128227
Student-t4,2,corrected,p_abs_gt_3,0.048894,0.048689333333333334,-0.0002046666666666655,0.00038957120226914475,-0.5253639526601007
Student-t4,2,oracle,mean,0.0003943766242335667,-0.00039437662423354516,-0.0007887532484671118,0.0022817713756165853,-0.3456758450455945
Student-t4,2,oracle,variance,1.0014588361579195,0.9981735469240817,-0.0032852892338378625,0.0035142301307687944,-0.9348531859292757
Student-t4,2,oracle,skewness,0.0049564066240617806,-0.011254091631690116,-0.016210498255751896,0.008886988743329608,-1.8240709788137364
Student-t4,2,oracle,excess_kurtosis,0.6024206531855505,0.6313888052237442,0.028968152038193695,0.031871655176772457,0.9089001458357021
Student-t4,2,oracle,coverage_95,0.9478633333333333,0.94813,0.0002666666666667483,0.0003990535586735921,0.6682478100260965
Student-t4,2,oracle,coverage_99,0.9850853333333333,0.9851966666666666,0.00011133333333335216,0.00024047118464230798,0.4629799345770113
Student-t4,2,oracle,p_abs_gt_3,0.0061259999999999995,0.006220666666666666,9.466666666666651e-05,0.00015151486137133304,0.6248011964625515
Student-t4,3,asymptotic,mean,-0.0008544941743764744,-0.0017962860319804142,-0.0009417918576039398,0.003418979120009741,-0.2754599617447376
Student-t4,3,asymptotic,variance,1.6017413405926912,1.5948366165590369,-0.006904724033654386,0.005537118096023674,-1.2469887609247163
Student-t4,3,asymptotic,skewness,0.005939429944035419,-0.008697587583406214,-0.014637017527441632,0.007580369011597374,-1.9309109497239694
Student-t4,3,asymptotic,excess_kurtosis,0.41373579662571097,0.42780115417406545,0.014065357548354473,0.023318450939462075,0.6031857598461445
Student-t4,3,asymptotic,coverage_95,0.8818259999999999,0.8831086666666668,0.0012826666666668762,0.0005662414668941238,2.2652291321976072
Student-t4,3,asymptotic,coverage_99,0.955044,0.9557106666666666,0.0006666666666665932,0.000388397963148338,1.716452530447432
Student-t4,3,asymptotic,p_abs_gt_3,0.021806000000000002,0.021421999999999997,-0.00038400000000000586,0.00029193630643951067,-1.315355409826598
Student-t4,3,corrected,mean,-0.0008544941743764767,-0.001796286031980415,-0.0009417918576039384,0.0034189791200097425,-0.275459961744737
Student-t4,3,corrected,variance,1.6017413405926924,1.5948366165590382,-0.006904724033654164,0.005537118096023679,-1.246988760924675
Student-t4,3,corrected,skewness,0.00593942994403542,-0.008697587583406205,-0.014637017527441624,0.007580369011597375,-1.930910949723968
Student-t4,3,corrected,excess_kurtosis,0.4137357966257113,0.42780115417406545,0.01406535754835414,0.023318450939462065,0.6031857598461304
Student-t4,3,corrected,coverage_95,0.8818259999999999,0.8831086666666668,0.0012826666666668762,0.0005662414668941238,2.2652291321976072
Student-t4,3,corrected,coverage_99,0.955044,0.9557106666666666,0.0006666666666665932,0.000388397963148338,1.716452530447432
Student-t4,3,corrected,p_abs_gt_3,0.021806000000000002,0.021421999999999997,-0.00038400000000000586,0.00029193630643951067,-1.315355409826598
Student-t4,3,oracle,mean,0.0003724222759284108,-0.00037242227592838286,-0.0007448445518567937,0.002704002959773244,-0.2754599617447371
Student-t4,3,oracle,variance,1.0018756304608718,0.9975567841096774,-0.004318846351194394,0.003463420430503017,-1.246988760924742
Student-t4,3,oracle,skewness,0.005939429944035464,-0.008697587583406116,-0.01463701752744158,0.007580369011597376,-1.930910949723962
Student-t4,3,oracle,excess_kurtosis,0.41373579662571114,0.42780115417406545,0.014065357548354307,0.023318450939462075,0.6031857598461373
Student-t4,3,oracle,coverage_95,0.9473586666666667,0.9480353333333333,0.0006766666666666588,0.00041730897860665645,1.6215003782711932
Student-t4,3,oracle,coverage_99,0.9861699999999999,0.9863706666666667,0.00020066666666684885,0.00023426695423800836,0.8565726537041899
Student-t4,3,oracle,p_abs_gt_3,0.005135333333333333,0.005223333333333333,8.80000000000004e-05,0.0001484659962644094,0.5927283163430733
Student-t4,5,asymptotic,mean,-0.0011079371511986847,-0.0015027741678821209,-0.0003948370166834362,0.003911619846960853,-0.1009395166532367
Student-t4,5,asymptotic,variance,1.2724080708078394,1.2645389704229297,-0.007869100384909622,0.004724453939133966,-1.6656105628901734
Student-t4,5,asymptotic,skewness,0.005563515311405222,-0.00504094723397115,-0.010604462545376371,0.007387466290983878,-1.4354667930354843
Student-t4,5,asymptotic,excess_kurtosis,0.25101328304320386,0.24933781907909566,-0.001675463964108198,0.018082512087264288,-0.09265659306752216
Student-t4,5,asymptotic,coverage_95,0.9172833333333333,0.9185506666666665,0.001267333333333176,0.0005901945719409301,2.147314451173939
Student-t4,5,asymptotic,coverage_99,0.974614,0.9755313333333332,0.0009173333333332145,0.00032962687393990175,2.7829446136132234
Student-t4,5,asymptotic,p_abs_gt_3,0.010212666666666667,0.010035333333333332,-0.0001773333333333349,0.00020468366121796495,-0.8663775715077471
Student-t4,5,corrected,mean,-0.0011079371511986864,-0.0015027741678821209,-0.00039483701668343446,0.003911619846960854,-0.10093951665323624
Student-t4,5,corrected,variance,1.27240807080784,1.2645389704229304,-0.007869100384909622,0.004724453939133971,-1.6656105628901716
Student-t4,5,corrected,skewness,0.005563515311405222,-0.005040947233971141,-0.010604462545376362,0.007387466290983881,-1.4354667930354825
Student-t4,5,corrected,excess_kurtosis,0.25101328304320375,0.24933781907909558,-0.0016754639641081703,0.01808251208726428,-0.09265659306752067
Student-t4,5,corrected,coverage_95,0.9172833333333333,0.9185506666666665,0.001267333333333176,0.0005901945719409301,2.147314451173939
Student-t4,5,corrected,coverage_99,0.974614,0.9755313333333332,0.0009173333333332145,0.00032962687393990175,2.7829446136132234
Student-t4,5,corrected,p_abs_gt_3,0.010212666666666667,0.010035333333333332,-0.0001773333333333349,0.00020468366121796495,-0.8663775715077471
Student-t4,5,oracle,mean,0.00017524135102752348,-0.00017524135102750686,-0.00035048270205503037,0.003472205075630277,-0.10093951665323526
Student-t4,5,oracle,variance,1.0025911537029477,0.9963907132825236,-0.006200440420424114,0.0037226231380672395,-1.6656105628901614
Student-t4,5,oracle,skewness,0.0055635153114052096,-0.005040947233971125,-0.010604462545376335,0.007387466290983878,-1.4354667930354794
Student-t4,5,oracle,excess_kurtosis,0.25101328304320386,0.24933781907909555,-0.0016754639641083091,0.018082512087264274,-0.09265659306752838
Student-t4,5,oracle,coverage_95,0.9476759999999999,0.9486233333333333,0.0009473333333334111,0.0004889261798643282,1.9375794799867048
Student-t4,5,oracle,coverage_99,0.9873066666666667,0.9876353333333334,0.0003286666666667548,0.0002280363877806498,1.4412904443255001
Student-t4,5,oracle,p_abs_gt_3,0.004268,0.0041993333333333336,-6.866666666666653e-05,0.00014073070796291292,-0.4879295191548557
Student-t4,8,asymptotic,mean,-0.001466040331126554,-0.0013060050880129698,0.00016003524311358416,0.004702520700951061,0.034031799813495314
Student-t4,8,asymptotic,variance,1.1412687144970037,1.1320731824272252,-0.009195532069778523,0.004982229345062453,-1.8456661532234733
Student-t4,8,asymptotic,skewness,0.004265132228226796,-0.002071041535862286,-0.006336173764089082,0.00820060460331162,-0.7726471486663762
Student-t4,8,asymptotic,excess_kurtosis,0.16499449906905464,0.1504565238361639,-0.014537975232890743,0.01677815372501232,-0.8664824194105462
Student-t4,8,asymptotic,coverage_95,0.9324813333333334,0.933798,0.0013166666666666327,0.0006451362719276646,2.040912476882501
Student-t4,8,asymptotic,coverage_99,0.9820413333333334,0.9828433333333333,0.0008019999999998584,0.00032764581504569673,2.4477651267665466
Student-t4,8,asymptotic,p_abs_gt_3,0.006383333333333334,0.006097333333333334,-0.0002859999999999998,0.0001866186780420225,-1.5325368446538816
Student-t4,8,corrected,mean,-0.001466040331126554,-0.0013060050880129698,0.00016003524311358416,0.004702520700951061,0.034031799813495314
Student-t4,8,corrected,variance,1.1412687144970037,1.1320731824272252,-0.009195532069778523,0.004982229345062453,-1.8456661532234733
Student-t4,8,corrected,skewness,0.004265132228226796,-0.002071041535862286,-0.006336173764089082,0.00820060460331162,-0.7726471486663762
Student-t4,8,corrected,excess_kurtosis,0.16499449906905464,0.1504565238361639,-0.014537975232890743,0.01677815372501232,-0.8664824194105462
Student-t4,8,corrected,coverage_95,0.9324813333333334,0.933798,0.0013166666666666327,0.0006451362719276646,2.040912476882501
Student-t4,8,corrected,coverage_99,0.9820413333333334,0.9828433333333333,0.0008019999999998584,0.00032764581504569673,2.4477651267665466
Student-t4,8,corrected,p_abs_gt_3,0.006383333333333334,0.006097333333333334,-0.0002859999999999998,0.0001866186780420225,-1.5325368446538816
Student-t4,8,oracle,mean,-7.502076628736654e-05,7.502076628737413e-05,0.00015004153257474066,0.0044088626930404206,0.03403179981349559
Student-t4,8,oracle,variance,1.0031817604551507,0.9950988349066767,-0.008082925548474007,0.004379408233909127,-1.8456661532234149
Student-t4,8,oracle,skewness,0.004265132228226825,-0.0020710415358622743,-0.0063361737640891,0.008200604603311621,-0.7726471486663782
Student-t4,8,oracle,excess_kurtosis,0.1649944990690545,0.1504565238361638,-0.014537975232890687,0.01677815372501231,-0.8664824194105434
Student-t4,8,oracle,coverage_95,0.9479993333333333,0.949304,0.0013046666666667317,0.0005859301876463796,2.2266588992580183
Student-t4,8,oracle,coverage_99,0.9879833333333333,0.988698,0.0007146666666666412,0.00025714711924435907,2.779213194247435
Student-t4,8,oracle,p_abs_gt_3,0.0038533333333333336,0.0036813333333333333,-0.00017200000000000028,0.00014188195406354147,-1.21227538156805
Student-t4,13,asymptotic,mean,-0.001956373474037937,-0.0011385355661889546,0.0008178379078489823,0.005842119061032805,0.13998994188666875
Student-t4,13,asymptotic,variance,1.074587857505354,1.0639613633918705,-0.010626494113483487,0.005929647673629397,-1.7920953652511469
Student-t4,13,asymptotic,skewness,0.002219216172580664,0.0018875810099173804,-0.0003316351626632837,0.009734325182242163,-0.034068634081412134
Student-t4,13,asymptotic,excess_kurtosis,0.11804924339844047,0.09166014930649173,-0.026389094091948742,0.019126645057793407,-1.3797032366215294
Student-t4,13,asymptotic,coverage_95,0.9403239999999999,0.9418733333333332,0.0015493333333332915,0.000754331758803235,2.0539150251228255
Student-t4,13,asymptotic,coverage_99,0.9856333333333334,0.9864159999999998,0.0007826666666664872,0.0003412863728660925,2.293284258887111
Student-t4,13,asymptotic,p_abs_gt_3,0.004771333333333333,0.0044006666666666664,-0.0003706666666666667,0.0001930791068978408,-1.9197658028467495
Student-t4,13,corrected,mean,-0.001956373474037941,-0.0011385355661889518,0.000817837907848989,0.005842119061032805,0.1399899418866699
Student-t4,13,corrected,variance,1.0745878575053542,1.063961363391871,-0.010626494113483265,0.005929647673629396,-1.7920953652511096
Student-t4,13,corrected,skewness,0.0022192161725806607,0.0018875810099173915,-0.0003316351626632692,0.009734325182242164,-0.034068634081410636
Student-t4,13,corrected,excess_kurtosis,0.11804924339844058,0.0916601493064918,-0.026389094091948784,0.01912664505779341,-1.3797032366215314
Student-t4,13,corrected,coverage_95,0.9403239999999999,0.9418733333333332,0.0015493333333332915,0.000754331758803235,2.0539150251228255
Student-t4,13,corrected,coverage_99,0.9856333333333334,0.9864159999999998,0.0007826666666664872,0.0003412863728660925,2.293284258887111
Student-t4,13,corrected,p_abs_gt_3,0.004771333333333333,0.0044006666666666664,-0.0003706666666666667,0.0001930791068978408,-1.9197658028467495
Student-t4,13,oracle,mean,-0.00039516402791701173,0.0003951640279169939,0.0007903280558340057,0.005645605999849786,0.13998994188666977
Student-t4,13,oracle,variance,1.0035112688332508,0.9935876441462693,-0.009923624686981491,0.005537442303239801,-1.7920953652511122
Student-t4,13,oracle,skewness,0.0022192161725807266,0.0018875810099174748,-0.00033163516266325184,0.009734325182242163,-0.03406863408140886
Student-t4,13,oracle,excess_kurtosis,0.1180492433984404,0.09166014930649169,-0.026389094091948714,0.019126645057793403,-1.3797032366215283
Student-t4,13,oracle,coverage_95,0.9482733333333334,0.9499080000000001,0.0016346666666666732,0.0007115397158637473,2.2973653194921524
Student-t4,13,oracle,coverage_99,0.988506,0.9891719999999999,0.0006659999999999444,0.00030722849374434846,2.167767682883403
Student-t4,13,oracle,p_abs_gt_3,0.0035946666666666675,0.0032686666666666662,-0.0003260000000000012,0.00016971465560606538,-1.9208712343423004
Student-t4,21,asymptotic,mean,-0.0026531740059296516,-0.0010478644976696632,0.0016053095082599884,0.007345890185774275,0.21853165071385897
Student-t4,21,asymptotic,variance,1.0401555611530295,1.0283069725366312,-0.01184858861639837,0.007361497799265973,-1.6095350347832493
Student-t4,21,asymptotic,skewness,0.00012215163213681918,0.006967688663806138,0.006845537031669319,0.01184708042452364,0.5778248130652469
Student-t4,21,asymptotic,excess_kurtosis,0.09342791055949089,0.05681460967257105,-0.03661330088691984,0.023104732853246292,-1.5846667052796304
Student-t4,21,asymptotic,coverage_95,0.9441419999999999,0.946246,0.002104000000000106,0.0009034230265563748,2.3289200498021767
Student-t4,21,asymptotic,coverage_99,0.9872646666666668,0.988232,0.000967333333333209,0.0003965932056405326,2.4391071747456725
Student-t4,21,asymptotic,p_abs_gt_3,0.0040680000000000004,0.0035826666666666663,-0.00048533333333333414,0.00022086384363879157,-2.1974322520940333
Student-t4,21,corrected,mean,-0.0026531740059296516,-0.0010478644976696632,0.0016053095082599884,0.007345890185774275,0.21853165071385897
Student-t4,21,corrected,variance,1.0401555611530295,1.0283069725366312,-0.01184858861639837,0.007361497799265973,-1.6095350347832493
Student-t4,21,corrected,skewness,0.00012215163213681918,0.006967688663806138,0.006845537031669319,0.01184708042452364,0.5778248130652469
Student-t4,21,corrected,excess_kurtosis,0.09342791055949089,0.05681460967257105,-0.03661330088691984,0.023104732853246292,-1.5846667052796304
Student-t4,21,corrected,coverage_95,0.9441419999999999,0.946246,0.002104000000000106,0.0009034230265563748,2.3289200498021767
Student-t4,21,corrected,coverage_99,0.9872646666666668,0.988232,0.000967333333333209,0.0003965932056405326,2.4391071747456725
Student-t4,21,corrected,p_abs_gt_3,0.0040680000000000004,0.0035826666666666663,-0.00048533333333333414,0.00022086384363879157,-2.1974322520940333
Student-t4,21,oracle,mean,-0.0007883083071892599,0.0007883083071892697,0.0015766166143785297,0.00721459161283194,0.2185316507138595
Student-t4,21,oracle,variance,1.0033049085396522,0.9918760919644449,-0.011428816575207223,0.007100694503829878,-1.6095350347832738
Student-t4,21,oracle,skewness,0.00012215163213680083,0.006967688663806085,0.006845537031669284,0.01184708042452364,0.577824813065244
Student-t4,21,oracle,excess_kurtosis,0.09342791055949067,0.05681460967257105,-0.036613300886919616,0.02310473285324629,-1.584666705279621
Student-t4,21,oracle,coverage_95,0.9483346666666667,0.950452,0.0021173333333333044,0.000866166895037255,2.444486559651111
Student-t4,21,oracle,coverage_99,0.9887693333333334,0.9896266666666665,0.0008573333333331545,0.0003688431480131589,2.3243846007478717
Student-t4,21,oracle,p_abs_gt_3,0.003479333333333333,0.0030640000000000003,-0.00041533333333333266,0.00020653599717399137,-2.010948885503213
Student-t4,35,asymptotic,mean,-0.0038003100526913156,-0.001038909042761755,0.0027614010099295608,0.009453588446260744,0.2921008277044047
Student-t4,35,asymptotic,variance,1.0190666680144091,1.0064876407567962,-0.012579027257612951,0.009366675206488184,-1.3429554223145914
Student-t4,35,asymptotic,skewness,-0.0015013968764632402,0.013000623335314156,0.014502020211777397,0.014961101431119344,0.9693150119023288
Student-t4,35,asymptotic,excess_kurtosis,0.07247723761005676,0.029748472068973266,-0.042728765541083485,0.026988231574148373,-1.5832369536213977
Student-t4,35,asymptotic,coverage_95,0.9467639999999999,0.9487359999999999,0.0019719999999999738,0.0011533591640956894,1.7097882961255642
Student-t4,35,asymptotic,coverage_99,0.9880920000000001,0.9893026666666668,0.0012106666666666932,0.00046328878745853025,2.6132008791062358
Student-t4,35,asymptotic,p_abs_gt_3,0.003594,0.0030626666666666667,-0.0005313333333333333,0.0002454479804584082,-2.16474925701566
Student-t4,35,corrected,mean,-0.0038003100526913156,-0.001038909042761755,0.0027614010099295608,0.009453588446260744,0.2921008277044047
Student-t4,35,corrected,variance,1.0190666680144091,1.0064876407567962,-0.012579027257612951,0.009366675206488184,-1.3429554223145914
Student-t4,35,corrected,skewness,-0.0015013968764632402,0.013000623335314156,0.014502020211777397,0.014961101431119344,0.9693150119023288
Student-t4,35,corrected,excess_kurtosis,0.07247723761005676,0.029748472068973266,-0.042728765541083485,0.026988231574148373,-1.5832369536213977
Student-t4,35,corrected,coverage_95,0.9467639999999999,0.9487359999999999,0.0019719999999999738,0.0011533591640956894,1.7097882961255642
Student-t4,35,corrected,coverage_99,0.9880920000000001,0.9893026666666668,0.0012106666666666932,0.00046328878745853025,2.6132008791062358
Student-t4,35,corrected,p_abs_gt_3,0.003594,0.0030626666666666667,-0.0005313333333333333,0.0002454479804584082,-2.16474925701566
Student-t4,35,oracle,mean,-0.0013691392408763563,0.0013691392408763934,0.00273827848175275,0.009374429039700607,0.29210082770440415
Student-t4,35,oracle,variance,1.0020718571376968,0.9897026082939657,-0.012369248843731029,0.009210468670964833,-1.3429554223146063
Student-t4,35,oracle,skewness,-0.001501396876463202,0.013000623335314184,0.014502020211777386,0.014961101431119344,0.9693150119023282
Student-t4,35,oracle,excess_kurtosis,0.07247723761005669,0.02974847206897334,-0.04272876554108335,0.026988231574148373,-1.5832369536213924
Student-t4,35,oracle,coverage_95,0.9486840000000001,0.9506446666666667,0.0019606666666666106,0.001125451317919104,1.7421159275834095
Student-t4,35,oracle,coverage_99,0.9887806666666666,0.9899420000000001,0.0011613333333334586,0.00044704604993247996,2.5977935237518857
Student-t4,35,oracle,p_abs_gt_3,0.0033313333333333333,0.002838,-0.0004933333333333335,0.0002351208324414347,-2.0982119202738696
Student-t4,55,asymptotic,mean,-0.005285098102232212,-0.001097001966715234,0.0041880961355169775,0.011846174411531787,0.3535399691093548
Student-t4,55,asymptotic,variance,1.0054075918152308,0.993482061439189,-0.011925530376041715,0.011613592079724186,-1.026859760027402
Student-t4,55,asymptotic,skewness,-0.0008388412272211793,0.01711265045665396,0.01795149168387514,0.018797287958551248,0.9550043454916942
Student-t4,55,asymptotic,excess_kurtosis,0.05170482872483412,0.011141473732151871,-0.040563354992682245,0.03119404558844352,-1.3003557001824022
Student-t4,55,asymptotic,coverage_95,0.9483953333333334,0.949738,0.0013426666666666032,0.001425729625049115,0.9417400347701617
Student-t4,55,asymptotic,coverage_99,0.9886826666666666,0.9898966666666666,0.0012140000000000484,0.0005649889343221088,2.1487146495296283
Student-t4,55,asymptotic,p_abs_gt_3,0.003324,0.002765333333333333,-0.000558666666666667,0.00028441389821363516,-1.9642734415426812
Student-t4,55,corrected,mean,-0.005285098102232212,-0.001097001966715234,0.0041880961355169775,0.011846174411531787,0.3535399691093548
Student-t4,55,corrected,variance,1.0054075918152308,0.993482061439189,-0.011925530376041715,0.011613592079724186,-1.026859760027402
Student-t4,55,corrected,skewness,-0.0008388412272211793,0.01711265045665396,0.01795149168387514,0.018797287958551248,0.9550043454916942
Student-t4,55,corrected,excess_kurtosis,0.05170482872483412,0.011141473732151871,-0.040563354992682245,0.03119404558844352,-1.3003557001824022
Student-t4,55,corrected,coverage_95,0.9483953333333334,0.949738,0.0013426666666666032,0.001425729625049115,0.9417400347701617
Student-t4,55,corrected,coverage_99,0.9886826666666666,0.9898966666666666,0.0012140000000000484,0.0005649889343221088,2.1487146495296283
Student-t4,55,corrected,p_abs_gt_3,0.003324,0.002765333333333333,-0.000558666666666667,0.00028441389821363516,-1.9642734415426812
Student-t4,55,oracle,mean,-0.002087740775068235,0.0020877407750682538,0.004175481550136488,0.011810493621571161,0.3535399691093538
Student-t4,55,oracle,variance,0.9993601186233992,0.9875063196783059,-0.011853798945093308,0.011543736941037398,-1.0268597600274185
Student-t4,55,oracle,skewness,-0.0008388412272211081,0.017112650456654065,0.017951491683875172,0.018797287958551248,0.9550043454916959
Student-t4,55,oracle,excess_kurtosis,0.051704828724834055,0.011141473732151802,-0.04056335499268225,0.031194045588443516,-1.3003557001824024
Student-t4,55,oracle,coverage_95,0.9490693333333334,0.9504306666666666,0.0013613333333332145,0.0014135116670012091,0.9630860254739234
Student-t4,55,oracle,coverage_99,0.9889293333333332,0.9901086666666666,0.001179333333333421,0.0005553667772832124,2.1235215745215767
Student-t4,55,oracle,p_abs_gt_3,0.00324,0.002688666666666667,-0.0005513333333333329,0.00028111017173871667,-1.9612713759990885
Student-t4,89,asymptotic,mean,-0.007363572411687165,-0.0012450387887317515,0.006118533622955414,0.015056980089701402,0.40635861816277075
Student-t4,89,asymptotic,variance,0.9917848428516344,0.982021313119248,-0.009763529732386367,0.014590312245832777,-0.6691789433893016
Student-t4,89,asymptotic,skewness,0.0021930213034404866,0.01922147696202742,0.017028455658586933,0.023832903613142258,0.7144935394777863
Student-t4,89,asymptotic,excess_kurtosis,0.029089998430956377,-0.004684892236189706,-0.03377489066714608,0.03794739269393358,-0.8900450932046635
Student-t4,89,asymptotic,coverage_95,0.9495353333333334,0.9509246666666668,0.0013893333333333535,0.0017932859081970203,0.7747416778232519
Student-t4,89,asymptotic,coverage_99,0.9890059999999999,0.9903306666666666,0.0013246666666666407,0.0007145134393213053,1.8539422686365443
Student-t4,89,asymptotic,p_abs_gt_3,0.0033259999999999995,0.002695333333333333,-0.0006306666666666665,0.00036731386581967173,-1.7169693968925328
Student-t4,89,corrected,mean,-0.007363572411687165,-0.0012450387887317515,0.006118533622955414,0.015056980089701402,0.40635861816277075
Student-t4,89,corrected,variance,0.9917848428516344,0.982021313119248,-0.009763529732386367,0.014590312245832777,-0.6691789433893016
Student-t4,89,corrected,skewness,0.0021930213034404866,0.01922147696202742,0.017028455658586933,0.023832903613142258,0.7144935394777863
Student-t4,89,corrected,excess_kurtosis,0.029089998430956377,-0.004684892236189706,-0.03377489066714608,0.03794739269393358,-0.8900450932046635
Student-t4,89,corrected,coverage_95,0.9495353333333334,0.9509246666666668,0.0013893333333333535,0.0017932859081970203,0.7747416778232519
Student-t4,89,corrected,coverage_99,0.9890059999999999,0.9903306666666666,0.0013246666666666407,0.0007145134393213053,1.8539422686365443
Student-t4,89,corrected,p_abs_gt_3,0.0033259999999999995,0.002695333333333333,-0.0006306666666666665,0.00036731386581967173,-1.7169693968925328
Student-t4,89,oracle,mean,-0.0030629162163257986,0.003062916216325855,0.0061258324326516535,0.015074941588166106,0.4063586181627701
Student-t4,89,oracle,variance,0.9941524579999035,0.9843656205097293,-0.009786837490174172,0.014625142627180291,-0.66917894338929
Student-t4,89,oracle,skewness,0.002193021303440621,0.019221476962027584,0.017028455658586964,0.023832903613142258,0.7144935394777876
Student-t4,89,oracle,excess_kurtosis,0.029089998430956342,-0.0046848922361895735,-0.03377489066714592,0.037947392693933574,-0.8900450932046593
Student-t4,89,oracle,coverage_95,0.9492840000000001,0.9506806666666666,0.0013966666666664906,0.0017962481431619808,0.777546616809804
Student-t4,89,oracle,coverage_99,0.9889106666666665,0.9902346666666667,0.001324000000000214,0.0007186970797197253,1.8422225960853247
Student-t4,89,oracle,p_abs_gt_3,0.00337,0.002732,-0.0006380000000000001,0.00037115612641506893,-1.7189531698218987
Student-t4,144,asymptotic,mean,-0.009932492133358851,-0.0015395647703565565,0.008392927363002295,0.01910300064444354,0.43935125791054885
Student-t4,144,asymptotic,variance,0.9771458961326026,0.9701133552926006,-0.007032540840002044,0.01841174285657112,-0.3819595404295005
Student-t4,144,asymptotic,skewness,0.007065782274161621,0.02019008144814261,0.013124299173980988,0.029576341283317847,0.44374316107123024
Student-t4,144,asymptotic,excess_kurtosis,0.005813284690844959,-0.029851254209989065,-0.03566453890083402,0.04664292201996875,-0.7646291732230097
Student-t4,144,asymptotic,coverage_95,0.9505553333333333,0.9524173333333333,0.0018620000000000303,0.002187332456407531,0.8512651995564379
Student-t4,144,asymptotic,coverage_99,0.989278,0.9905726666666667,0.0012946666666666662,0.0009072388235965961,1.4270406347186262
Student-t4,144,asymptotic,p_abs_gt_3,0.0032413333333333335,0.002808,-0.0004333333333333333,0.00047005007074337087,-0.9218876036930043
Student-t4,144,corrected,mean,-0.009932492133358851,-0.0015395647703565565,0.008392927363002295,0.01910300064444354,0.43935125791054885
Student-t4,144,corrected,variance,0.9771458961326026,0.9701133552926006,-0.007032540840002044,0.01841174285657112,-0.3819595404295005
Student-t4,144,corrected,skewness,0.007065782274161621,0.02019008144814261,0.013124299173980988,0.029576341283317847,0.44374316107123024
Student-t4,144,corrected,excess_kurtosis,0.005813284690844959,-0.029851254209989065,-0.03566453890083402,0.04664292201996875,-0.7646291732230097
Student-t4,144,corrected,coverage_95,0.9505553333333333,0.9524173333333333,0.0018620000000000303,0.002187332456407531,0.8512651995564379
Student-t4,144,corrected,coverage_99,0.989278,0.9905726666666667,0.0012946666666666662,0.0009072388235965961,1.4270406347186262
Student-t4,144,corrected,p_abs_gt_3,0.0032413333333333335,0.002808,-0.0004333333333333333,0.00047005007074337087,-0.9218876036930043
Student-t4,144,oracle,mean,-0.0042156481166989,0.004215648116698919,0.00843129623339782,0.019190331384266616,0.43935125791054874
Student-t4,144,oracle,variance,0.9861005030940794,0.9790035157477653,-0.007096987346314032,0.018580468858910074,-0.3819595404295056
Student-t4,144,oracle,skewness,0.007065782274161585,0.020190081448142546,0.01312429917398096,0.029576341283317847,0.4437431610712293
Student-t4,144,oracle,excess_kurtosis,0.0058132846908449595,-0.02985125420998915,-0.03566453890083411,0.04664292201996875,-0.7646291732230116
Student-t4,144,oracle,coverage_95,0.9495646666666668,0.9513826666666668,0.0018179999999999863,0.002215385025609749,0.8206248480440149
Student-t4,144,oracle,coverage_99,0.9889793333333333,0.9902353333333332,0.0012559999999999238,0.0009237051806819715,1.3597412099308777
Student-t4,144,oracle,p_abs_gt_3,0.0033740000000000003,0.0029400000000000003,-0.0004339999999999999,0.0004838317381871439,-0.89700605757312
Student-t4,233,asymptotic,mean,-0.013048451183807727,-0.0020168026918870458,0.011031648491920681,0.024185979888449623,0.4561174921504425
Student-t4,233,asymptotic,variance,0.9599808027187068,0.9547230293489485,-0.005257773369758301,0.023441422591665227,-0.22429412503436294
Student-t4,233,asymptotic,skewness,0.015416272981826249,0.019685695251316766,0.004269422269490517,0.03543661197094124,0.12048054348399707
Student-t4,233,asymptotic,excess_kurtosis,-0.02989317486034625,-0.07566691620563697,-0.04577374134529072,0.05509019850541062,-0.8308872101957502
Student-t4,233,asymptotic,coverage_95,0.9516220000000001,0.9528793333333332,0.0012573333333331105,0.0028438697941094195,0.442120569632779
Student-t4,233,asymptotic,coverage_99,0.9895473333333333,0.9906393333333333,0.0010919999999999819,0.0011543316518977977,0.9460019555079007
Student-t4,233,asymptotic,p_abs_gt_3,0.003220666666666667,0.002544666666666667,-0.000676,0.0006098227448340698,-1.1085188371974166
Student-t4,233,corrected,mean,-0.013048451183807727,-0.0020168026918870458,0.011031648491920681,0.024185979888449623,0.4561174921504425
Student-t4,233,corrected,variance,0.9599808027187068,0.9547230293489485,-0.005257773369758301,0.023441422591665227,-0.22429412503436294
Student-t4,233,corrected,skewness,0.015416272981826249,0.019685695251316766,0.004269422269490517,0.03543661197094124,0.12048054348399707
Student-t4,233,corrected,excess_kurtosis,-0.02989317486034625,-0.07566691620563697,-0.04577374134529072,0.05509019850541062,-0.8308872101957502
Student-t4,233,corrected,coverage_95,0.9516220000000001,0.9528793333333332,0.0012573333333331105,0.0028438697941094195,0.442120569632779
Student-t4,233,corrected,coverage_99,0.9895473333333333,0.9906393333333333,0.0010919999999999819,0.0011543316518977977,0.9460019555079007
Student-t4,233,corrected,p_abs_gt_3,0.003220666666666667,0.002544666666666667,-0.000676,0.0006098227448340698,-1.1085188371974166
Student-t4,233,oracle,mean,-0.005557362169565552,0.005557362169565498,0.011114724339131049,0.024368116834828705,0.45611749215044256
Student-t4,233,oracle,variance,0.9744938664953212,0.9691566057024579,-0.005337260792863341,0.023795811825412325,-0.22429412503436869
Student-t4,233,oracle,skewness,0.015416272981826207,0.019685695251316745,0.004269422269490538,0.03543661197094124,0.12048054348399766
Student-t4,233,oracle,excess_kurtosis,-0.02989317486034616,-0.07566691620563692,-0.04577374134529076,0.05509019850541065,-0.8308872101957505
Student-t4,233,oracle,coverage_95,0.9500006666666666,0.9512806666666668,0.0012800000000001699,0.002899329517975004,0.4414813811484829
Student-t4,233,oracle,coverage_99,0.9889686666666666,0.9900873333333333,0.0011186666666667122,0.0011922504348563705,0.938281617654832
Student-t4,233,oracle,p_abs_gt_3,0.003413333333333333,0.002746,-0.0006673333333333327,0.000628388522868229,-1.0619756870913926
Student-t4,377,asymptotic,mean,-0.01690917151441098,-0.002601126825635866,0.014308044688775114,0.030553709927127973,0.46829156665100474
Student-t4,377,asymptotic,variance,0.9368394570896529,0.9318381268181226,-0.005001330271530269,0.029522523389089384,-0.16940727611985248
Student-t4,377,asymptotic,skewness,0.02901054025757568,0.01789254936973755,-0.01111799088783813,0.04074906592188128,-0.272840386308537
Student-t4,377,asymptotic,excess_kurtosis,-0.0878066277593149,-0.13980345598550337,-0.051996828226188466,0.06104210337405219,-0.8518190781789361
Student-t4,377,asymptotic,coverage_95,0.9526306666666667,0.9526653333333334,3.466666666662732e-05,0.0037381887373776766,0.00927365339261758
Student-t4,377,asymptotic,coverage_99,0.989658,0.9910246666666667,0.0013666666666666272,0.0014476237403300803,0.9440758869808299
Student-t4,377,asymptotic,p_abs_gt_3,0.0032026666666666675,0.0022853333333333332,-0.0009173333333333342,0.000679590106939685,-1.3498332656198444
Student-t4,377,corrected,mean,-0.01690917151441098,-0.002601126825635866,0.014308044688775114,0.030553709927127973,0.46829156665100474
Student-t4,377,corrected,variance,0.9368394570896529,0.9318381268181226,-0.005001330271530269,0.029522523389089384,-0.16940727611985248
Student-t4,377,corrected,skewness,0.02901054025757568,0.01789254936973755,-0.01111799088783813,0.04074906592188128,-0.272840386308537
Student-t4,377,corrected,excess_kurtosis,-0.0878066277593149,-0.13980345598550337,-0.051996828226188466,0.06104210337405219,-0.8518190781789361
Student-t4,377,corrected,coverage_95,0.9526306666666667,0.9526653333333334,3.466666666662732e-05,0.0037381887373776766,0.00927365339261758
Student-t4,377,corrected,coverage_99,0.989658,0.9910246666666667,0.0013666666666666272,0.0014476237403300803,0.9440758869808299
Student-t4,377,corrected,p_abs_gt_3,0.0032026666666666675,0.0022853333333333332,-0.0009173333333333342,0.000679590106939685,-1.3498332656198444
Student-t4,377,oracle,mean,-0.0072315510826769305,0.007231551082676886,0.014463102165353816,0.030884823036184384,0.4682915666510044
Student-t4,377,oracle,variance,0.9572546967963103,0.9521443794880224,-0.005110317308287815,0.03016586669318762,-0.16940727611986303
Student-t4,377,oracle,skewness,0.029010540257575518,0.017892549369737377,-0.011117990887838141,0.040749065921881274,-0.27284038630853735
Student-t4,377,oracle,excess_kurtosis,-0.08780662775931504,-0.1398034559855034,-0.051996828226188355,0.061042103374052185,-0.8518190781789344
Student-t4,377,oracle,coverage_95,0.9503413333333333,0.9502573333333334,-8.399999999986196e-05,0.003830940792946862,-0.02192672884804542
Student-t4,377,oracle,coverage_99,0.9888613333333334,0.990186,0.0013246666666666407,0.0015210278319271726,0.8709023193798245
Student-t4,377,oracle,p_abs_gt_3,0.0035273333333333337,0.002528666666666667,-0.0009986666666666668,0.0007210988041732679,-1.3849234818959761
Student-t5,2,asymptotic,mean,-0.0034770214542861663,0.00037650963531503856,0.003853531089601205,0.00395873483369845,0.9734249075735748
Student-t5,2,asymptotic,variance,2.4193680896076635,2.419868300654997,0.0005002110473335541,0.008913387407813035,0.05611907397799111
Student-t5,2,asymptotic,skewness,-0.01630400985397305,0.008762409649738852,0.0250664195037119,0.008896031927536217,2.817707907063922
Student-t5,2,asymptotic,excess_kurtosis,0.6107271827914039,0.6052667412661824,-0.0054604415252215155,0.024956191104511232,-0.21880107835183443
Student-t5,2,asymptotic,coverage_95,0.8066413333333333,0.806882,0.0002406666666666668,0.0006839908860238881,0.35185654017363854
Student-t5,2,asymptotic,coverage_99,0.9056513333333335,0.9057506666666667,9.933333333322913e-05,0.0005289888445523389,0.1877796372384578
Student-t5,2,asymptotic,p_abs_gt_3,0.05550533333333333,0.05558666666666667,8.133333333334297e-05,0.00043133349060438036,0.18856252784679317
Student-t5,2,corrected,mean,-0.002507664903482318,0.00027154275885717187,0.0027792076623394902,0.002855081723013578,0.9734249075735731
Student-t5,2,corrected,variance,1.2584217355180003,1.258681917694088,0.00026018217608769767,0.004636252126853235,0.056119073978034756
Student-t5,2,corrected,skewness,-0.016304009853973064,0.008762409649738854,0.02506641950371192,0.008896031927536218,2.8177079070639235
Student-t5,2,corrected,excess_kurtosis,0.6107271827914037,0.6052667412661822,-0.0054604415252215155,0.024956191104511232,-0.21880107835183443
Student-t5,2,corrected,coverage_95,0.9208326666666666,0.9208293333333334,-3.3333333332441484e-06,0.0005071103459050863,-0.006573191338257639
Student-t5,2,corrected,coverage_99,0.973582,0.9733673333333334,-0.0002146666666665853,0.00031563595878722706,-0.680108399218525
Student-t5,2,corrected,p_abs_gt_3,0.012116666666666666,0.012381333333333334,0.00026466666666666826,0.0002194964039455527,1.2057904453519899
Student-t5,2,oracle,mean,-0.0012385174880993092,0.0012385174880993122,0.0024770349761986214,0.0025446595386315386,0.973424907573575
Student-t5,2,oracle,variance,0.9996512003278045,0.9998578809796789,0.00020668065187434692,0.003682894909410818,0.05611907397797872
Student-t5,2,oracle,skewness,-0.01630400985397321,0.008762409649738711,0.02506641950371192,0.008896031927536215,2.8177079070639244
Student-t5,2,oracle,excess_kurtosis,0.6107271827914037,0.6052667412661824,-0.0054604415252212934,0.024956191104511225,-0.21880107835182558
Student-t5,2,oracle,coverage_95,0.9479106666666666,0.9477673333333333,-0.00014333333333327314,0.00042020556929654875,-0.34110288822021656
Student-t5,2,oracle,coverage_99,0.985214,0.9848800000000001,-0.00033399999999994545,0.00024161785108909567,-1.382348193622433
Student-t5,2,oracle,p_abs_gt_3,0.006202,0.006356666666666668,0.00015466666666666753,0.00016266019544217494,0.9508574992561775
Student-t5,3,asymptotic,mean,-0.003781816312205347,0.0002118522874201825,0.0039936685996255295,0.0039033268358585503,1.0231448114815904
Student-t5,3,asymptotic,variance,1.6890408818817917,1.6918066746203324,0.0027657927385407177,0.006269265198180448,0.4411669711058712
Student-t5,3,asymptotic,skewness,-0.011099346736054701,0.009640648568348972,0.020739995304403673,0.007799843689907784,2.659027043226411
Student-t5,3,asymptotic,excess_kurtosis,0.428827682443582,0.43075406422709905,0.0019263817835170616,0.020393517056300346,0.09446049831418989
Student-t5,3,asymptotic,coverage_95,0.8726506666666666,0.8724153333333334,-0.0002353333333331431,0.0006442557880747646,-0.36527934663403155
Student-t5,3,asymptotic,coverage_99,0.949874,0.9496373333333334,-0.00023666666666655178,0.00043525208129198607,-0.5437462032669419
Student-t5,3,asymptotic,p_abs_gt_3,0.024834,0.02518933333333333,0.0003553333333333325,0.0003031346795042241,1.1721962459540398
Student-t5,3,corrected,mean,-0.0031187869743309967,0.00017471027145233783,0.0032934972457833345,0.0032189942311432055,1.023144811481588
Student-t5,3,corrected,variance,1.1487108504844772,1.1505918565412483,0.0018810060567711062,0.00426370553547004,0.4411669711059772
Student-t5,3,corrected,skewness,-0.011099346736054746,0.009640648568348993,0.02073999530440374,0.0077998436899077836,2.6590270432264194
Student-t5,3,corrected,excess_kurtosis,0.428827682443582,0.4307540642270992,0.001926381783517228,0.020393517056300364,0.09446049831419798
Student-t5,3,corrected,coverage_95,0.9316433333333335,0.9311946666666667,-0.0004486666666667638,0.0005198373069826701,-0.8630905489853984
Student-t5,3,corrected,coverage_99,0.979924,0.979498,-0.00042600000000003746,0.0002907488938899777,-1.4651818423124945
Student-t5,3,corrected,p_abs_gt_3,0.008293333333333333,0.008535333333333332,0.00024199999999999916,0.0001841915986934251,1.313849283662456
Student-t5,3,oracle,mean,-0.0015355522308661137,0.001535552230866079,0.0030711044617321927,0.0030016322491876854,1.023144811481589
Student-t5,3,oracle,variance,0.9988155431959687,1.0004510967258724,0.0016355535299037438,0.0037073344947007765,0.44116697110594855
Student-t5,3,oracle,skewness,-0.011099346736054816,0.00964064856834885,0.020739995304403666,0.007799843689907786,2.659027043226409
Student-t5,3,oracle,excess_kurtosis,0.428827682443582,0.43075406422709905,0.0019263817835170616,0.02039351705630033,0.09446049831418997
Student-t5,3,oracle,coverage_95,0.9477173333333333,0.9474179999999999,-0.00029933333333342915,0.0004487284751878857,-0.6670700654958351
Student-t5,3,oracle,coverage_99,0.9863286666666666,0.9859873333333334,-0.0003413333333331936,0.0002445046071630891,-1.3960200476121005
Student-t5,3,oracle,p_abs_gt_3,0.005209999999999999,0.005319999999999999,0.00010999999999999985,0.00014578181245308093,0.7545522870721801
Student-t5,5,asymptotic,mean,-0.004551663430896504,-6.695287622579191e-05,0.004484710554670712,0.004395944622488858,1.0201926866247915
Student-t5,5,asymptotic,variance,1.3225572655586473,1.328286029656039,0.005728764097391759,0.005508834403315521,1.0399230904352237
Student-t5,5,asymptotic,skewness,-0.007043716932945185,0.013187043657167857,0.020230760590113042,0.007391628723979729,2.7369827876339263
Student-t5,5,asymptotic,excess_kurtosis,0.25596865634125293,0.26488373263862613,0.008915076297373203,0.016716942637112073,0.5332958598291465
Student-t5,5,asymptotic,coverage_95,0.9119293333333333,0.9112413333333332,-0.0006880000000000219,0.0006710097688868028,-1.0253203930866843
Student-t5,5,asymptotic,coverage_99,0.9723253333333334,0.9716373333333334,-0.0006880000000000219,0.00036117837034445744,-1.9048759740066195
Student-t5,5,asymptotic,p_abs_gt_3,0.011572,0.011909999999999999,0.000337999999999998,0.00023012457343414157,1.4687696970212045
Student-t5,5,corrected,mean,-0.004091583201071519,-6.0185307588726984e-05,0.004031397893482792,0.0039516043844818015,1.0201926866247908
Student-t5,5,corrected,variance,1.0687028740552695,1.0733320472601677,0.004629173204898196,0.004451457273595673,1.039923090435275
Student-t5,5,corrected,skewness,-0.007043716932945185,0.013187043657167876,0.020230760590113063,0.0073916287239797285,2.7369827876339294
Student-t5,5,corrected,excess_kurtosis,0.2559686563412528,0.26488373263862625,0.008915076297373425,0.016716942637112077,0.5332958598291597
Student-t5,5,corrected,coverage_95,0.9407366666666667,0.9398893333333334,-0.0008473333333333111,0.0005431902943779766,-1.5599198698931427
Student-t5,5,corrected,coverage_99,0.9845966666666666,0.9841846666666666,-0.00041199999999996795,0.0002630867599763499,-1.566023315034951
Student-t5,5,corrected,p_abs_gt_3,0.0055653333333333345,0.005711999999999999,0.00014666666666666474,0.00016241522124963304,0.9030352299384385
Student-t5,5,oracle,mean,-0.0019471080626778825,0.0019471080626778329,0.003894216125355715,0.003817137856809542,1.0201926866247888
Student-t5,5,oracle,variance,0.9972079905961632,1.00152747791284,0.004319487316676862,0.004153660358545496,1.0399230904352117
Student-t5,5,oracle,skewness,-0.007043716932945224,0.01318704365716781,0.020230760590113035,0.007391628723979729,2.7369827876339254
Student-t5,5,oracle,excess_kurtosis,0.2559686563412529,0.26488373263862625,0.00891507629737337,0.016716942637112077,0.5332958598291564
Student-t5,5,oracle,coverage_95,0.948764,0.947794,-0.0009700000000000264,0.0005053618054285123,-1.919416919878883
Student-t5,5,oracle,coverage_99,0.9875753333333334,0.987186,-0.0003893333333333526,0.0002388065257172554,-1.6303295404679163
Student-t5,5,oracle,p_abs_gt_3,0.0043033333333333335,0.0043939999999999995,9.066666666666598e-05,0.00015102274333969688,0.6003510773389183
Student-t5,8,asymptotic,mean,-0.005599551652555449,-0.0004719707318022656,0.005127580920753183,0.005222973325482476,0.9817359961874819
Student-t5,8,asymptotic,variance,1.171299422061784,1.1794689936148277,0.008169571553043653,0.00574425305029937,1.4222165147508403
Student-t5,8,asymptotic,skewness,-0.004230721318001777,0.01540337606410539,0.019634097382107165,0.00806596256831153,2.434191482519764
Student-t5,8,asymptotic,excess_kurtosis,0.15303198218819858,0.16072840878593048,0.007696426597731898,0.016019523615764256,0.48044041647768554
Student-t5,8,asymptotic,coverage_95,0.9293133333333333,0.9283433333333333,-0.0009700000000000264,0.0007072906182846271,-1.3714306042296183
Student-t5,8,asymptotic,coverage_99,0.980934,0.9800333333333334,-0.0009006666666665497,0.00034880728438125696,-2.582132618773218
Student-t5,8,asymptotic,p_abs_gt_3,0.00697,0.007301333333333333,0.00033133333333333365,0.0002088957657198262,1.5861179961767264
Student-t5,8,corrected,mean,-0.005252953105543454,-0.0004427568982625389,0.004810196207280915,0.0048996840555516515,0.9817359961874804
Student-t5,8,corrected,variance,1.0307858929887366,1.0379754116976387,0.007189518708902165,0.005055150628849013,1.4222165147508408
Student-t5,8,corrected,skewness,-0.0042307213180017645,0.015403376064105372,0.019634097382107137,0.008065962568311531,2.43419148251976
Student-t5,8,corrected,excess_kurtosis,0.15303198218819866,0.1607284087859305,0.0076964265977318425,0.016019523615764267,0.48044041647768176
Student-t5,8,corrected,coverage_95,0.9454113333333334,0.9442333333333334,-0.0011780000000000124,0.0006107905298422943,-1.9286481083853266
Student-t5,8,corrected,coverage_99,0.9871786666666668,0.98646,-0.0007186666666667563,0.0002801174356904223,-2.565590624144532
Student-t5,8,corrected,p_abs_gt_3,0.004278666666666667,0.004334,5.533333333333345e-05,0.00016378041211272142,0.3378507394110746
Student-t5,8,oracle,mean,-0.0023635562462697834,0.002363556246269757,0.004727112492539541,0.004815054669378562,0.9817359961874802
Student-t5,8,oracle,variance,0.9954850863681637,1.002428389241785,0.0069433028736212155,0.004882029424920369,1.4222165147508237
Student-t5,8,oracle,skewness,-0.0042307213180019536,0.015403376064105226,0.01963409738210718,0.008065962568311533,2.434191482519765
Student-t5,8,oracle,excess_kurtosis,0.15303198218819872,0.16072840878593056,0.0076964265977318425,0.01601952361576426,0.48044041647768193
Student-t5,8,oracle,coverage_95,0.9493853333333332,0.9482413333333334,-0.0011439999999998118,0.0005814212391286893,-1.9675923805504527
Student-t5,8,oracle,coverage_99,0.9885186666666668,0.9879219999999999,-0.0005966666666669118,0.00026452504054630307,-2.2556150655327842
Student-t5,8,oracle,p_abs_gt_3,0.003709333333333333,0.0037586666666666667,4.933333333333352e-05,0.0001538419025953334,0.3206755279353259
Student-t5,13,asymptotic,mean,-0.006894535364487214,-0.0008873192300077118,0.006007216134479502,0.006422379367617327,0.9353567876679562
Student-t5,13,asymptotic,variance,1.0906773040066031,1.100827443890126,0.010150139883522868,0.006511986998117679,1.5586855266229518
Student-t5,13,asymptotic,skewness,-0.000455117025386187,0.015195261743004477,0.015650378768390663,0.009569599029506291,1.6354268052543564
Student-t5,13,asymptotic,excess_kurtosis,0.08852042975278258,0.09512298776662109,0.006602558013838508,0.0185067227246511,0.3567653826165477
Student-t5,13,asymptotic,coverage_95,0.9389766666666667,0.9375046666666668,-0.0014719999999999178,0.0008049597774267069,-1.8286627994079445
Student-t5,13,asymptotic,coverage_99,0.9852346666666666,0.9844026666666666,-0.0008319999999999439,0.0003814498165854845,-2.1811519204479395
Student-t5,13,asymptotic,p_abs_gt_3,0.004954,0.005131333333333333,0.00017733333333333316,0.0002159029238213783,0.8213567940378858
Student-t5,13,corrected,mean,-0.00663516602088271,-0.0008539386765566171,0.005781227344326093,0.006180772321907161,0.9353567876679555
Student-t5,13,corrected,variance,1.0101592772595611,1.019560094468425,0.009400817208863987,0.00603124687327535,1.5586855266229132
Student-t5,13,corrected,skewness,-0.0004551170253862203,0.01519526174300447,0.01565037876839069,0.009569599029506293,1.635426805254359
Student-t5,13,corrected,excess_kurtosis,0.08852042975278247,0.09512298776662104,0.006602558013838564,0.0185067227246511,0.3567653826165507
Student-t5,13,corrected,coverage_95,0.94812,0.9466673333333334,-0.0014526666666665466,0.0007369676292414124,-1.971140398882688
Student-t5,13,corrected,coverage_99,0.9885453333333333,0.9878873333333335,-0.0006579999999998254,0.0003369133437096109,-1.9530244565408559
Student-t5,13,corrected,p_abs_gt_3,0.003524666666666667,0.0036526666666666665,0.00012799999999999964,0.00017837627618725747,0.7175842143134922
Student-t5,13,oracle,mean,-0.0028668907959884305,0.0028668907959884006,0.005733781591976831,0.006130047557865466,0.9353567876679543
Student-t5,13,oracle,variance,0.9936468325128085,1.0028939804160195,0.009247147903211017,0.005932657835891898,1.558685526622964
Student-t5,13,oracle,skewness,-0.0004551170253862284,0.015195261743004465,0.015650378768390694,0.009569599029506291,1.6354268052543597
Student-t5,13,oracle,excess_kurtosis,0.08852042975278247,0.09512298776662119,0.006602558013838716,0.0185067227246511,0.356765382616559
Student-t5,13,oracle,coverage_95,0.949954,0.9485233333333335,-0.0014306666666664691,0.0007214855305272824,-1.982945750306173
Student-t5,13,oracle,coverage_99,0.9891546666666667,0.9885493333333333,-0.0006053333333334576,0.00032788678690859053,-1.846165681272831
Student-t5,13,oracle,p_abs_gt_3,0.0032846666666666666,0.003394,0.00010933333333333324,0.00017127946453314314,0.6383329935748187
Student-t5,21,asymptotic,mean,-0.008419233368100016,-0.0012734580752767207,0.007145775292823295,0.007998899957928584,0.8933447512042373
Student-t5,21,asymptotic,variance,1.0467597284527281,1.0579421317139241,0.011182403261196017,0.00773267019136212,1.446124428491398
Student-t5,21,asymptotic,skewness,0.0037521621230810604,0.010281895694774376,0.006529733571693315,0.011715702218665826,0.5573488852669828
Student-t5,21,asymptotic,excess_kurtosis,0.04688605932161508,0.05770532266339487,0.010819263341779788,0.023066428873490738,0.46904804385276583
Student-t5,21,asymptotic,coverage_95,0.943848,0.9424619999999999,-0.0013860000000001094,0.0009542436556697488,-1.452459224397281
Student-t5,21,asymptotic,coverage_99,0.9874179999999999,0.9865826666666667,-0.000835333333333188,0.00044766459353414784,-1.8659803464431655
Student-t5,21,asymptotic,p_abs_gt_3,0.0038953333333333335,0.004079333333333333,0.0001839999999999997,0.00023602959473473505,0.7795632586108132
Student-t5,21,corrected,mean,-0.008224602111866331,-0.0012440189643606215,0.00698058314750571,0.007813985740774566,0.8933447512042371
Student-t5,21,corrected,variance,0.9989222906493817,1.0095936525455358,0.010671361896154141,0.0073792833354502495,1.446124428491405
Student-t5,21,corrected,skewness,0.0037521621230810474,0.010281895694774367,0.0065297335716933205,0.011715702218665826,0.5573488852669832
Student-t5,21,corrected,excess_kurtosis,0.04688605932161505,0.0577053226633949,0.01081926334177985,0.02306642887349073,0.46904804385276866
Student-t5,21,corrected,coverage_95,0.9493393333333332,0.947978,-0.0013613333333332145,0.0008973093555358502,-1.5171282066041327
Student-t5,21,corrected,coverage_99,0.9893086666666667,0.9885573333333334,-0.0007513333333333261,0.00041318375901461826,-1.8183999659743262
Student-t5,21,corrected,p_abs_gt_3,0.0031453333333333333,0.0033020000000000007,0.00015666666666666737,0.0002114617353023379,0.740874780218146
Student-t5,21,oracle,mean,-0.003477955424518956,0.0034779554245189938,0.00695591084903795,0.007786367849210856,0.8933447512042381
Student-t5,21,oracle,variance,0.9918735515217131,1.0024696126193495,0.010596061097636444,0.007327212575124208,1.446124428491393
Student-t5,21,oracle,skewness,0.003752162123081125,0.010281895694774414,0.006529733571693289,0.011715702218665823,0.5573488852669807
Student-t5,21,oracle,excess_kurtosis,0.046886059321615124,0.05770532266339498,0.010819263341779857,0.02306642887349074,0.46904804385276877
Student-t5,21,oracle,coverage_95,0.9501513333333333,0.9487693333333335,-0.0013819999999998833,0.0008962810832082528,-1.5419269980049024
Student-t5,21,oracle,coverage_99,0.989564,0.9888313333333333,-0.0007326666666667148,0.0004082823183313087,-1.7945099108411011
Student-t5,21,oracle,p_abs_gt_3,0.003048,0.003191333333333333,0.000143333333333333,0.00020804074049955297,0.6889676175404739
Student-t5,35,asymptotic,mean,-0.010542417365744801,-0.001663412798004341,0.00887900456774046,0.010202164131295054,0.8703059913047455
Student-t5,35,asymptotic,variance,1.0192283130630688,1.0307726966236266,0.011544383560557758,0.00954731240116767,1.2091762661024728
Student-t5,35,asymptotic,skewness,0.006730369750292107,-0.0010997051436432885,-0.007830074893935396,0.014592764996788361,-0.5365723970514616
Student-t5,35,asymptotic,excess_kurtosis,0.01593200990208589,0.028455284394714214,0.012523274492628324,0.028203579909631054,0.4440313794473954
Student-t5,35,asymptotic,coverage_95,0.947078,0.9456453333333333,-0.0014326666666666377,0.001163773364725471,-1.231052978261448
Student-t5,35,asymptotic,coverage_99,0.988752,0.9879446666666666,-0.0008073333333333821,0.0005543438627139786,-1.4563764256012641
Student-t5,35,asymptotic,p_abs_gt_3,0.003216,0.0035340000000000002,0.00031800000000000014,0.00028010737289631846,1.1352789350450536
Student-t5,35,corrected,mean,-0.010396874616798961,-0.0016404486463440365,0.008756425970454925,0.010061318729206343,0.8703059913047452
Student-t5,35,corrected,variance,0.9912807699689329,1.0025086031031352,0.01122783313420228,0.009285522259209261,1.2091762661024974
Student-t5,35,corrected,skewness,0.006730369750292124,-0.001099705143643274,-0.007830074893935399,0.014592764996788358,-0.536572397051462
Student-t5,35,corrected,excess_kurtosis,0.015932009902085924,0.028455284394714415,0.012523274492628491,0.028203579909631057,0.4440313794474013
Student-t5,35,corrected,coverage_95,0.9502493333333334,0.9487653333333332,-0.0014840000000001519,0.0011310956733283984,-1.3120021895524416
Student-t5,35,corrected,coverage_99,0.9898506666666668,0.9890680000000001,-0.0007826666666667093,0.0005251709251137148,-1.4903084486203022
Student-t5,35,corrected,p_abs_gt_3,0.002844666666666667,0.0030853333333333336,0.0002406666666666668,0.00026173023029503565,0.9195218542213296
Student-t5,35,oracle,mean,-0.004374586164676986,0.004374586164677024,0.00874917232935401,0.010052984142091709,0.8703059913047454
Student-t5,35,oracle,variance,0.9896391374642873,1.0008483764964062,0.0112092390321189,0.009270144764129025,1.2091762661024703
Student-t5,35,oracle,skewness,0.0067303697502923,-0.001099705143643111,-0.007830074893935411,0.014592764996788356,-0.5365723970514629
Student-t5,35,oracle,excess_kurtosis,0.01593200990208599,0.028455284394714165,0.012523274492628175,0.028203579909631033,0.44403137944739046
Student-t5,35,oracle,coverage_95,0.9504446666666667,0.9489486666666668,-0.0014959999999999418,0.0011278301186828574,-1.3264409020633832
Student-t5,35,oracle,coverage_99,0.9899126666666667,0.9891399999999999,-0.0007726666666667548,0.0005244364014647399,-1.473327679979332
Student-t5,35,oracle,p_abs_gt_3,0.0028186666666666672,0.0030666666666666668,0.0002479999999999995,0.00026034485451964246,0.9525826829094809
Student-t5,55,asymptotic,mean,-0.01307893555318559,-0.0019447082173427166,0.011134227335842873,0.012705115006121263,0.8763578551220084
Student-t5,55,asymptotic,variance,1.0031974572961877,1.0152328735560443,0.012035416259856602,0.011731211959862473,1.025931191170609
Student-t5,55,asymptotic,skewness,0.005291122134231251,-0.012368211228125389,-0.01765933336235664,0.01752800571711817,-1.0074924465086301
Student-t5,55,asymptotic,excess_kurtosis,-0.005221465666515524,0.0019712173414923547,0.007192683008007879,0.03182154763165215,0.2260318414197267
Student-t5,55,asymptotic,coverage_95,0.9488066666666667,0.9471206666666667,-0.0016859999999999653,0.0014159917451109034,-1.1906849074659784
Student-t5,55,asymptotic,coverage_99,0.9893866666666667,0.988696,-0.0006906666666667283,0.0006422381333143027,-1.0754058827097477
Student-t5,55,asymptotic,p_abs_gt_3,0.0029946666666666663,0.0031753333333333334,0.00018066666666666708,0.0003202248844299692,0.5641868432188553
Student-t5,55,corrected,mean,-0.012964324378447042,-0.001927666670467052,0.01103665770797999,0.012593779634055351,0.8763578551220093
Student-t5,55,corrected,variance,0.9856923840352243,0.9975177909476461,0.011825406912421843,0.011526510758415294,1.025931191170609
Student-t5,55,corrected,skewness,0.00529112213423128,-0.012368211228125375,-0.017659333362356654,0.017528005717118173,-1.0074924465086308
Student-t5,55,corrected,excess_kurtosis,-0.005221465666515503,0.0019712173414923977,0.007192683008007901,0.03182154763165218,0.22603184141972718
Student-t5,55,corrected,coverage_95,0.950746,0.9491226666666667,-0.00162333333333331,0.001387085009432303,-1.170320003672808
Student-t5,55,corrected,coverage_99,0.9900466666666667,0.9894353333333333,-0.0006113333333334081,0.000622905183664623,-0.9814227740678985
Student-t5,55,corrected,p_abs_gt_3,0.00274,0.0029026666666666667,0.00016266666666666686,0.0003047116938587507,0.5338379522187655
Student-t5,55,oracle,mean,-0.005520797020301944,0.005520797020301966,0.011041594040603911,0.012599412415909327,0.8763578551220093
Student-t5,55,oracle,variance,0.9865743165434062,0.9984103040496802,0.011835987506274015,0.01153682391971024,1.0259311911706188
Student-t5,55,oracle,skewness,0.005291122134231388,-0.012368211228125259,-0.017659333362356647,0.017528005717118173,-1.0074924465086303
Student-t5,55,oracle,excess_kurtosis,-0.005221465666515515,0.0019712173414924267,0.007192683008007942,0.03182154763165216,0.22603184141972862
Student-t5,55,oracle,coverage_95,0.9506960000000001,0.9490713333333334,-0.0016246666666667187,0.0013863784838869925,-1.171878159931938
Student-t5,55,oracle,coverage_99,0.9900273333333333,0.9893926666666667,-0.0006346666666665612,0.0006234068180720464,-1.0180617989218295
Student-t5,55,oracle,p_abs_gt_3,0.0027506666666666665,0.002918,0.00016733333333333357,0.00030600198753320053,0.5468374067837657
Student-t5,89,asymptotic,mean,-0.016644350676093843,-0.002203250350055648,0.014441100326038195,0.016078956624482596,0.8981366554624246
Student-t5,89,asymptotic,variance,0.9902240747114238,1.0035869799034354,0.013362905192011554,0.01496505746553887,0.8929404529707481
Student-t5,89,asymptotic,skewness,-0.0011932982862138466,-0.020258229212653262,-0.019064930926439416,0.021314184868815034,-0.8944715007297079
Student-t5,89,asymptotic,excess_kurtosis,-0.025439910592573358,-0.026371278895437767,-0.000931368302864409,0.035246038659371204,-0.02642476540031761
Student-t5,89,asymptotic,coverage_95,0.9499219999999999,0.948408,-0.0015139999999999043,0.0017471356849868263,-0.8665612024353564
Student-t5,89,asymptotic,coverage_99,0.9895746666666666,0.989278,-0.0002966666666666118,0.0007608624069693429,-0.38990843015663046
Student-t5,89,asymptotic,p_abs_gt_3,0.0028179999999999998,0.0029306666666666665,0.00011266666666666673,0.00035044039794895204,0.321500224648982
Student-t5,89,corrected,mean,-0.016554367235416617,-0.002191339038462341,0.014363028196954276,0.015992029842673734,0.8981366554624248
Student-t5,89,corrected,variance,0.9795462282034393,0.9927650376759214,0.013218809472482107,0.01480368531686963,0.8929404529707566
Student-t5,89,corrected,skewness,-0.001193298286213865,-0.020258229212653255,-0.01906493092643939,0.021314184868815034,-0.8944715007297067
Student-t5,89,corrected,excess_kurtosis,-0.02543991059257325,-0.026371278895437774,-0.0009313683028645235,0.03524603865937121,-0.026424765400320852
Student-t5,89,corrected,coverage_95,0.9511253333333333,0.949628,-0.0014973333333332395,0.0017246500287413165,-0.8681954648074444
Student-t5,89,corrected,coverage_99,0.9899746666666666,0.9896819999999998,-0.0002926666666667188,0.0007512502016619201,-0.3895728294239122
Student-t5,89,corrected,p_abs_gt_3,0.002678,0.002760666666666667,8.266666666666709e-05,0.0003402530465293656,0.2429564334834913
Student-t5,89,oracle,mean,-0.00718765384775519,0.0071876538477551625,0.014375307695510353,0.016005702036633738,0.8981366554624252
Student-t5,89,oracle,variance,0.9812218467527836,0.9944632684121277,0.013241421659344166,0.01482900860330716,0.8929404529707446
Student-t5,89,oracle,skewness,-0.0011932982862138477,-0.02025822921265326,-0.019064930926439412,0.021314184868815034,-0.8944715007297077
Student-t5,89,oracle,excess_kurtosis,-0.025439910592573372,-0.02637127889543792,-0.0009313683028645478,0.0352460386593712,-0.026424765400321553
Student-t5,89,oracle,coverage_95,0.9509833333333333,0.9494513333333332,-0.0015320000000000888,0.0017306801475429872,-0.8852011171301868
Student-t5,89,oracle,coverage_99,0.989928,0.989632,-0.000296000000000074,0.0007545293781266174,-0.39229751495561027
Student-t5,89,oracle,p_abs_gt_3,0.002694666666666667,0.0027846666666666666,8.99999999999998e-05,0.0003410592855462375,0.2638837404935526
Student-t5,144,asymptotic,mean,-0.02124891347014865,-0.002520022415558574,0.018728891054590076,0.020359405987309995,0.9199134329490646
Student-t5,144,asymptotic,variance,0.9785476058196648,0.9933717170276656,0.014824111208000756,0.019276796989851352,0.7690131932086643
Student-t5,144,asymptotic,skewness,-0.009230214462511351,-0.022283196900447718,-0.013052982437936367,0.025835867767673347,-0.5052271731421645
Student-t5,144,asymptotic,excess_kurtosis,-0.04538259613828912,-0.05010689402753473,-0.00472429788924561,0.04074507625865492,-0.11594770026334389
Student-t5,144,asymptotic,coverage_95,0.9497626666666669,0.9486293333333333,-0.0011333333333335416,0.0022740680646306734,-0.49837265249912555
Student-t5,144,asymptotic,coverage_99,0.9898226666666666,0.9897240000000002,-9.866666666646928e-05,0.0008793325911439611,-0.11220631153692329
Student-t5,144,asymptotic,p_abs_gt_3,0.002801333333333333,0.0027679999999999996,-3.3333333333333565e-05,0.0004096897699507997,-0.08136237655467116
Student-t5,144,corrected,mean,-0.02117798675272065,-0.0025116108363956308,0.01866637591632502,0.020291448355617792,0.9199134329490648
Student-t5,144,corrected,variance,0.9720259231070077,0.9867512367202661,0.01472531361325835,0.019148323778189043,0.7690131932086538
Student-t5,144,corrected,skewness,-0.009230214462511344,-0.02228319690044774,-0.013052982437936395,0.02583586776767335,-0.5052271731421655
Student-t5,144,corrected,excess_kurtosis,-0.045382596138289044,-0.05010689402753479,-0.004724297889245749,0.040745076258654915,-0.11594770026334732
Student-t5,144,corrected,coverage_95,0.9505586666666668,0.9494093333333334,-0.0011493333333333355,0.0022539090886983353,-0.5099288782748074
Student-t5,144,corrected,coverage_99,0.9900746666666667,0.9899706666666667,-0.00010399999999999299,0.000868727590059735,-0.11971531834604422
Student-t5,144,corrected,p_abs_gt_3,0.00271,0.002681333333333333,-2.866666666666729e-05,0.0004017548116139628,-0.07135363619294359
Student-t5,144,oracle,mean,-0.009337992998580253,0.009337992998580251,0.018675985997160506,0.020301895078636816,0.9199134329490642
Student-t5,144,oracle,variance,0.9730270443029019,0.9877675239968419,0.01474047969393999,0.01916804526127348,0.7690131932086572
Student-t5,144,oracle,skewness,-0.009230214462511287,-0.02228319690044765,-0.013052982437936362,0.02583586776767335,-0.5052271731421641
Student-t5,144,oracle,excess_kurtosis,-0.04538259613828919,-0.05010689402753474,-0.0047242978892455476,0.040745076258654915,-0.11594770026334238
Student-t5,144,oracle,coverage_95,0.9504580000000001,0.9492393333333333,-0.0012186666666668122,0.002264542184990674,-0.5381514527501863
Student-t5,144,oracle,coverage_99,0.99005,0.9899613333333334,-8.866666666662582e-05,0.0008747263645652257,-0.10136503283595062
Student-t5,144,oracle,p_abs_gt_3,0.002722666666666667,0.0026860000000000005,-3.666666666666662e-05,0.000404736443014579,-0.09059393415024367
Student-t5,233,asymptotic,mean,-0.027090496530517733,-0.002990400791962064,0.02410009573855567,0.025759689803034336,0.9355739887720552
Student-t5,233,asymptotic,variance,0.9655890304618321,0.9804205198624917,0.014831489400659592,0.024540146028624688,0.6043765747505945
Student-t5,233,asymptotic,skewness,-0.013648311306294666,-0.021293445807589878,-0.0076451345012952115,0.030832175347941883,-0.24795962059179005
Student-t5,233,asymptotic,excess_kurtosis,-0.08018147818744986,-0.07133611558596124,0.008845362601488618,0.04977814362005032,0.17769571057137137
Student-t5,233,asymptotic,coverage_95,0.9491213333333333,0.9489166666666667,-0.00020466666666651978,0.0029437888519182826,-0.06952491396696178
Student-t5,233,asymptotic,coverage_99,0.9899693333333334,0.9899800000000001,1.0666666666714342e-05,0.0010849287059876433,0.009831675213169102
Student-t5,233,asymptotic,p_abs_gt_3,0.002716,0.0026859999999999996,-3.0000000000000512e-05,0.0004895244667110848,-0.0612839644186904
Student-t5,233,corrected,mean,-0.027034647048800934,-0.002984235813251969,0.024050411235548966,0.025706583898420718,0.9355739887720554
Student-t5,233,corrected,variance,0.9616118380535493,0.9763822376062644,0.014770399552715086,0.0244390669158716,0.6043765747505958
Student-t5,233,corrected,skewness,-0.013648311306294675,-0.02129344580758986,-0.0076451345012951855,0.030832175347941883,-0.2479596205917892
Student-t5,233,corrected,excess_kurtosis,-0.08018147818744982,-0.07133611558596113,0.008845362601488688,0.0497781436200503,0.17769571057137284
Student-t5,233,corrected,coverage_95,0.9495906666666668,0.9493906666666666,-0.00020000000000020002,0.0029247210797188924,-0.06838258915938161
Student-t5,233,corrected,coverage_99,0.9901026666666667,0.9901333333333334,3.0666666666734343e-05,0.0010732710540937718,0.028573086500155435
Student-t5,233,corrected,p_abs_gt_3,0.0026546666666666663,0.002638,-1.6666666666666132e-05,0.0004839576560666202,-0.03443827462535658
Student-t5,233,oracle,mean,-0.012022384819595914,0.012022384819595925,0.02404476963919184,0.025700553807348467,0.9355739887720553
Student-t5,233,oracle,variance,0.961160753079996,0.9759242239479465,0.01476347086795049,0.02442760273103406,0.6043765747505887
Student-t5,233,oracle,skewness,-0.013648311306294512,-0.02129344580758975,-0.007645134501295238,0.030832175347941883,-0.24795962059179089
Student-t5,233,oracle,excess_kurtosis,-0.08018147818744974,-0.07133611558596108,0.00884536260148866,0.0497781436200503,0.1776957105713723
Student-t5,233,oracle,coverage_95,0.9496953333333332,0.9493706666666667,-0.00032466666666652877,0.0029315466831615618,-0.11074927393494144
Student-t5,233,oracle,coverage_99,0.9901853333333334,0.9901266666666667,-5.8666666666651324e-05,0.0010760079914483996,-0.0545225194728163
Student-t5,233,oracle,p_abs_gt_3,0.0026593333333333334,0.0026193333333333333,-4.0000000000000105e-05,0.0004857647879784681,-0.08234437939905422
Student-t5,377,asymptotic,mean,-0.03442435880139764,-0.0036492061515976484,0.030775152649799988,0.03254834213076277,0.9455213579284929
Student-t5,377,asymptotic,variance,0.9488598486372527,0.9608062544653521,0.01194640582809936,0.030585972756347727,0.3905844657374854
Student-t5,377,asymptotic,skewness,-0.011425179825888787,-0.020777115299110513,-0.009351935473221726,0.03606075988852882,-0.2593382807830581
Student-t5,377,asymptotic,excess_kurtosis,-0.15024375565278242,-0.10627338741520574,0.043970368237576676,0.05760072114798385,0.763364891293826
Student-t5,377,asymptotic,coverage_95,0.9476926666666667,0.9499293333333334,0.0022366666666666646,0.0037747791185911853,0.5925291510835284
Student-t5,377,asymptotic,coverage_99,0.989904,0.9897193333333334,-0.0001846666666666108,0.0014067292893685166,-0.1312737767403052
Student-t5,377,asymptotic,p_abs_gt_3,0.002362,0.002656,0.000294,0.0005934632107015063,0.4953971782892418
Student-t5,377,corrected,mean,-0.034380514680356494,-0.003644558389321579,0.030735956291034917,0.032506887373092416,0.9455213579284928
Student-t5,377,corrected,variance,0.9464443826918666,0.9583603771409946,0.011915994449128053,0.030508111546701678,0.3905844657374844
Student-t5,377,corrected,skewness,-0.011425179825888797,-0.02077711529911054,-0.009351935473221743,0.03606075988852881,-0.25933828078305865
Student-t5,377,corrected,excess_kurtosis,-0.15024375565278245,-0.10627338741520587,0.04397036823757658,0.05760072114798385,0.7633648912938243
Student-t5,377,corrected,coverage_95,0.9479993333333333,0.9502206666666666,0.0022213333333332974,0.0037629490326367993,0.5903171459584584
Student-t5,377,corrected,coverage_99,0.9899986666666667,0.9898193333333335,-0.00017933333333319812,0.0013985702490473863,-0.12822618917808967
Student-t5,377,corrected,p_abs_gt_3,0.0023279999999999998,0.002620666666666667,0.0002926666666666672,0.0005899911824100742,0.49605261127995776
Student-t5,377,oracle,mean,-0.015346729369975817,0.015346729369975767,0.030693458739951586,0.03246194121642762,0.9455213579284938
Student-t5,377,oracle,variance,0.9438289597891414,0.9557120253463441,0.011883065557202754,0.030423804835058257,0.3905844657374854
Student-t5,377,oracle,skewness,-0.011425179825888815,-0.02077711529911057,-0.009351935473221754,0.03606075988852882,-0.25933828078305887
Student-t5,377,oracle,excess_kurtosis,-0.1502437556527824,-0.10627338741520587,0.043970368237576524,0.05760072114798385,0.7633648912938233
Student-t5,377,oracle,coverage_95,0.9484386666666667,0.9505046666666667,0.0020660000000000123,0.003755958601369919,0.5500593108897621
Student-t5,377,oracle,coverage_99,0.9902219999999998,0.989884,-0.00033799999999983843,0.00139259515911588,-0.24271231864286047
Student-t5,377,oracle,p_abs_gt_3,0.002276666666666667,0.002568666666666667,0.00029200000000000016,0.0005867085391755608,0.49769175067797167
Student-t6,2,asymptotic,mean,0.0011156344923693592,0.001804564893294277,0.0006889304009249178,0.003595746174133465,0.1915959490914128
Student-t6,2,asymptotic,variance,2.483391696274532,2.488755478407619,0.0053637821330871915,0.008733206456484581,0.6141824494604128
Student-t6,2,asymptotic,skewness,0.0031678892282783044,0.009327840265886374,0.00615995103760807,0.008260686194798118,0.7456948360400236
Student-t6,2,asymptotic,excess_kurtosis,0.602446082174516,0.6018374104262411,-0.0006086717482749471,0.026052268444300832,-0.023363483666548026
Student-t6,2,asymptotic,coverage_95,0.8010639999999999,0.8007719999999999,-0.00029199999999995896,0.0006209039251047833,-0.47028209710653907
Student-t6,2,asymptotic,coverage_99,0.90227,0.902012,-0.00025799999999998047,0.0005207232891465955,-0.4954646841757592
Student-t6,2,asymptotic,p_abs_gt_3,0.05812266666666666,0.058282,0.0001593333333333377,0.00042579085001114855,0.37420563013311786
Student-t6,2,corrected,mean,0.0006957203398855954,0.0011253439271512445,0.00042962358726564905,0.0022423417055684376,0.1915959490914159
Student-t6,2,corrected,variance,0.9657634374400986,0.9678493527140771,0.0020859152739785003,0.0033962469552995707,0.6141824494604543
Student-t6,2,corrected,skewness,0.0031678892282782805,0.009327840265886374,0.006159951037608094,0.008260686194798122,0.7456948360400263
Student-t6,2,corrected,excess_kurtosis,0.6024460821745161,0.601837410426241,-0.0006086717482751691,0.026052268444300825,-0.023363483666556557
Student-t6,2,corrected,coverage_95,0.9512973333333333,0.9512066666666666,-9.066666666668333e-05,0.0004008663833622639,-0.22617677717502105
Student-t6,2,corrected,coverage_99,0.9863999999999998,0.9862320000000001,-0.00016799999999972393,0.00023429236496459274,-0.7170528157207035
Student-t6,2,corrected,p_abs_gt_3,0.005604666666666667,0.0055893333333333324,-1.5333333333334212e-05,0.00015134903697794727,-0.10131107299723617
Student-t6,2,oracle,mean,-0.00021844823476348339,0.00021844823476344492,0.0004368964695269283,0.0022803011838130067,0.19159594909141417
Student-t6,2,oracle,variance,0.9987380500346378,1.0008951859050874,0.0021571358704496335,0.0035122069546998725,0.6141824494604609
Student-t6,2,oracle,skewness,0.0031678892282784366,0.00932784026588649,0.006159951037608054,0.008260686194798118,0.7456948360400217
Student-t6,2,oracle,excess_kurtosis,0.602446082174516,0.601837410426241,-0.0006086717482750581,0.026052268444300832,-0.02336348366655229
Student-t6,2,oracle,coverage_95,0.9480586666666667,0.9479366666666666,-0.0001220000000000665,0.0004145547488162235,-0.29429164748068143
Student-t6,2,oracle,coverage_99,0.9850913333333334,0.9849153333333334,-0.000176000000000065,0.0002449097602041924,-0.7186320375852958
Student-t6,2,oracle,p_abs_gt_3,0.006206666666666667,0.006198666666666667,-7.999999999999327e-06,0.0001569018168057944,-0.050987299974361334
Student-t6,3,asymptotic,mean,0.00025774957907825116,0.001460929346844487,0.001203179767766236,0.0035403581104389344,0.33984691102818
Student-t6,3,asymptotic,variance,1.7291767976456311,1.7320868859631482,0.0029100883175170456,0.00610553588121148,0.47663110562862115
Student-t6,3,asymptotic,skewness,0.003455139268422391,0.009129015212473899,0.005673875944051507,0.0072672000938002745,0.780751303227766
Student-t6,3,asymptotic,excess_kurtosis,0.42875181680530067,0.4269295699610642,-0.0018222468442364859,0.021354853616947996,-0.08533174129511634
Student-t6,3,asymptotic,coverage_95,0.8686933333333333,0.8685693333333333,-0.000124000000000013,0.0006377477181823419,-0.19443425113840937
Student-t6,3,asymptotic,coverage_99,0.9474166666666667,0.9473613333333334,-5.533333333329615e-05,0.0004317892652563792,-0.128148932327999
Student-t6,3,asymptotic,p_abs_gt_3,0.026587333333333334,0.02671533333333333,0.00012799999999999617,0.0003276578303675491,0.3906514300494897
Student-t6,3,corrected,mean,0.0001984157184857842,0.0011246239355569199,0.0009262082170711357,0.00272536894411946,0.33984691102818176
Student-t6,3,corrected,variance,1.024697361567783,1.026421858348534,0.0017244967807510392,0.0036180953370142173,0.47663110562867483
Student-t6,3,corrected,skewness,0.003455139268422385,0.009129015212473893,0.005673875944051509,0.0072672000938002745,0.7807513032277662
Student-t6,3,corrected,excess_kurtosis,0.42875181680530056,0.4269295699610642,-0.0018222468442363748,0.021354853616947993,-0.08533174129511116
Student-t6,3,corrected,coverage_95,0.9449339999999999,0.9448166666666667,-0.00011733333333319163,0.0004446605591521433,-0.2638716902549599
Student-t6,3,corrected,coverage_99,0.9850853333333331,0.9849613333333332,-0.00012399999999990197,0.00024539598742293024,-0.5053057358521226
Student-t6,3,corrected,p_abs_gt_3,0.005766,0.005744666666666666,-2.133333333333414e-05,0.000154047368730743,-0.1384855418765532
Student-t6,3,oracle,mean,-0.0004572326816503149,0.0004572326816502902,0.000914465363300605,0.002690815580856551,0.3398469110281831
Student-t6,3,oracle,variance,0.998878993349453,1.0005600395519683,0.0016810462025153017,0.003526933476777617,0.47663110562867483
Student-t6,3,oracle,skewness,0.0034551392684222613,0.009129015212473784,0.005673875944051523,0.007267200093800276,0.7807513032277679
Student-t6,3,oracle,excess_kurtosis,0.42875181680530083,0.4269295699610642,-0.0018222468442366524,0.021354853616947996,-0.08533174129512414
Student-t6,3,oracle,coverage_95,0.9476593333333333,0.9476086666666665,-5.0666666666754345e-05,0.0004316935777021009,-0.11736720044910635
Student-t6,3,oracle,coverage_99,0.9861213333333332,0.98604,-8.133333333315562e-05,0.00023540152086040525,-0.34550895438516244
Student-t6,3,oracle,p_abs_gt_3,0.005299333333333333,0.005251333333333333,-4.80000000000003e-05,0.00014707054439703338,-0.32637398737315426
Student-t6,5,asymptotic,mean,-0.0004167524843162315,0.0010262566855814917,0.0014430091698977231,0.004002665667870922,0.36051204113314855
Student-t6,5,asymptotic,variance,1.3501418590787113,1.3512114648024565,0.0010696057237451484,0.005398681279867345,0.19812351726224342
Student-t6,5,asymptotic,skewness,0.006606882161108857,0.005987990018169302,-0.0006188921429395545,0.006976007368917883,-0.08871724328977551
Student-t6,5,asymptotic,excess_kurtosis,0.25965067926553703,0.26189419264962954,0.0022435133840925103,0.018281450887357827,0.12272075109990134
Student-t6,5,asymptotic,coverage_95,0.9087926666666667,0.9088453333333334,5.2666666666700834e-05,0.0006737319612097648,0.07817154254064429
Student-t6,5,asymptotic,coverage_99,0.9705793333333332,0.9704846666666667,-9.46666666665763e-05,0.0003740837945970353,-0.2530627309545757
Student-t6,5,asymptotic,p_abs_gt_3,0.012466,0.012473999999999999,7.999999999999327e-06,0.00024205210400372803,0.033050735224661024
Student-t6,5,corrected,mean,-0.00036225250641713677,0.0008920500070664157,0.0012543025134835524,0.0034792250198941565,0.3605120411331459
Student-t6,5,corrected,variance,1.0201071824150267,1.0209153289618567,0.0008081465468299243,0.004079003633677552,0.19812351726230623
Student-t6,5,corrected,skewness,0.006606882161108857,0.005987990018169288,-0.0006188921429395693,0.006976007368917883,-0.08871724328977762
Student-t6,5,corrected,excess_kurtosis,0.2596506792655371,0.26189419264962943,0.002243513384092344,0.018281450887357827,0.12272075109989222
Student-t6,5,corrected,coverage_95,0.9458706666666666,0.9459606666666667,9.00000000000345e-05,0.0005165904731594115,0.17421924072583883
Student-t6,5,corrected,coverage_99,0.986512,0.9865333333333334,2.1333333333428683e-05,0.0002499543443691381,0.08534891996885297
Student-t6,5,corrected,p_abs_gt_3,0.0047339999999999995,0.0046433333333333335,-9.066666666666598e-05,0.0001472882204490262,-0.615573101435115
Student-t6,5,oracle,mean,-0.0006206615165752441,0.0006206615165752545,0.0012413230331504985,0.003443222116101354,0.36051204113314866
Student-t6,5,oracle,variance,0.9991043461032686,0.9998958538400483,0.0007915077367797174,0.003995021629521501,0.19812351726228808
Student-t6,5,oracle,skewness,0.006606882161108868,0.005987990018169305,-0.0006188921429395632,0.006976007368917881,-0.08871724328977677
Student-t6,5,oracle,excess_kurtosis,0.25965067926553703,0.26189419264962943,0.0022435133840923993,0.01828145088735781,0.12272075109989537
Student-t6,5,oracle,coverage_95,0.9481533333333333,0.9482860000000001,0.00013266666666678084,0.0005100523766247788,0.26010400646437415
Student-t6,5,oracle,coverage_99,0.9873733333333332,0.9873660000000001,-7.3333333331371264e-06,0.00024249555370614781,-0.03024110430504446
Student-t6,5,oracle,p_abs_gt_3,0.0043753333333333335,0.004286,-8.933333333333363e-05,0.00014313525276742737,-0.6241183189055911
Student-t6,8,asymptotic,mean,-0.0010832454099097986,0.0005773401055262584,0.0016605855154360571,0.00476857600516761,0.34823509442578116
Student-t6,8,asymptotic,variance,1.1936408899484192,1.1927900732808443,-0.0008508166675749163,0.005704528655376577,-0.14914758413440746
Student-t6,8,asymptotic,skewness,0.009087881925802987,0.0020348412698846484,-0.007053040655918339,0.007424313900780833,-0.9499922484657544
Student-t6,8,asymptotic,excess_kurtosis,0.15151390673138307,0.15334802111454393,0.001834114383160862,0.017042292259798284,0.10762134313864717
Student-t6,8,asymptotic,coverage_95,0.9268313333333333,0.9267853333333335,-4.599999999987947e-05,0.0007235134386495062,-0.0635786393764047
Student-t6,8,asymptotic,coverage_99,0.9797426666666667,0.979766,2.3333333333375172e-05,0.0003676365036696019,0.06346848884828107
Student-t6,8,asymptotic,p_abs_gt_3,0.007498,0.007384666666666667,-0.00011333333333333334,0.00021790133504149417,-0.5201130746250439
Student-t6,8,corrected,mean,-0.0009970697185553972,0.0005314108246032104,0.0015284805431586075,0.004389220292914406,0.34823509442578215
Student-t6,8,corrected,variance,1.011279087317411,1.0105582565296043,-0.0007208307878066034,0.0048330034441384844,-0.14914758413442356
Student-t6,8,corrected,skewness,0.009087881925802977,0.0020348412698846722,-0.007053040655918304,0.007424313900780834,-0.9499922484657496
Student-t6,8,corrected,excess_kurtosis,0.151513906731383,0.15334802111454393,0.0018341143831609175,0.01704229225979829,0.10762134313865039
Student-t6,8,corrected,coverage_95,0.9476746666666666,0.9476226666666667,-5.199999999982996e-05,0.0005969328074483658,-0.08711198203715402
Student-t6,8,corrected,coverage_99,0.9878273333333333,0.9879539999999999,0.0001266666666666083,0.0002795610761920148,0.45309121138025704
Student-t6,8,corrected,p_abs_gt_3,0.00398,0.0038653333333333335,-0.00011466666666666656,0.0001546960649616527,-0.741238419316555
Student-t6,8,oracle,mean,-0.0007597820365293301,0.0007597820365293021,0.0015195640730586322,0.004363615549903994,0.34823509442578293
Student-t6,8,oracle,variance,0.9995148040208001,0.9988023587100624,-0.0007124453107376638,0.004776780762978173,-0.14914758413435672
Student-t6,8,oracle,skewness,0.00908788192580291,0.0020348412698845903,-0.0070530406559183205,0.007424313900780834,-0.9499922484657518
Student-t6,8,oracle,excess_kurtosis,0.15151390673138293,0.15334802111454396,0.0018341143831610285,0.017042292259798298,0.10762134313865686
Student-t6,8,oracle,coverage_95,0.9489653333333333,0.94898,1.4666666666718342e-05,0.000592144869266661,0.024768713583353693
Student-t6,8,oracle,coverage_99,0.988284,0.9883953333333332,0.00011133333333313011,0.0002723387896981786,0.40880453884852785
Student-t6,8,oracle,p_abs_gt_3,0.0037819999999999993,0.0036919999999999995,-8.99999999999998e-05,0.00014824280699096804,-0.6071120874383013
Student-t6,13,asymptotic,mean,-0.0019009236382347028,0.00010512266932338436,0.002006046307558087,0.005876710069579027,0.34135533041564337
Student-t6,13,asymptotic,variance,1.1107915051864041,1.1081850837490022,-0.0026064214374019734,0.0065307756926672985,-0.39909829399414865
Student-t6,13,asymptotic,skewness,0.010861084917333064,-0.00301090745831502,-0.013871992375648083,0.00871427361205824,-1.591870188291188
Student-t6,13,asymptotic,excess_kurtosis,0.08007757782799041,0.07945433960464054,-0.0006232382233498646,0.016878394385624315,-0.0369252079973134
Student-t6,13,asymptotic,coverage_95,0.9367253333333333,0.9368513333333333,0.00012599999999995948,0.0008052146043536013,0.15648002323692076
Student-t6,13,asymptotic,coverage_99,0.9846193333333333,0.9846846666666668,6.533333333347269e-05,0.00037447078603095784,0.17446843858220631
Student-t6,13,asymptotic,p_abs_gt_3,0.005241999999999999,0.005155333333333334,-8.666666666666545e-05,0.00021300525211107022,-0.4068757263387744
Student-t6,13,corrected,mean,-0.0018093586999864354,0.00010005905154753859,0.001909417751533974,0.005593636839386741,0.34135533041564303
Student-t6,13,corrected,variance,1.0063581158099046,1.0039967425418312,-0.0023613732680733968,0.0059167711403652476,-0.39909829399411706
Student-t6,13,corrected,skewness,0.010861084917333064,-0.0030109074583150246,-0.013871992375648089,0.008714273612058239,-1.591870188291189
Student-t6,13,corrected,excess_kurtosis,0.08007757782799034,0.0794543396046405,-0.0006232382233498368,0.016878394385624315,-0.036925207997311756
Student-t6,13,corrected,coverage_95,0.9485800000000001,0.948778,0.00019799999999992046,0.0007214305573808244,0.2744546900241729
Student-t6,13,corrected,coverage_99,0.9888173333333334,0.9889720000000001,0.0001546666666666363,0.00032161807286799286,0.48090166478336793
Student-t6,13,corrected,p_abs_gt_3,0.003456666666666667,0.0033666666666666667,-9.000000000000024e-05,0.00016477907946471773,-0.5461858404135029
Student-t6,13,oracle,mean,-0.0009515735809416748,0.0009515735809416708,0.0019031471618833457,0.005575267155096197,0.34135533041564325
Student-t6,13,oracle,variance,0.99975914404965,0.9974132549668445,-0.00234588908280553,0.005877973216391891,-0.39909829399418734
Student-t6,13,oracle,skewness,0.01086108491733321,-0.0030109074583148624,-0.013871992375648071,0.008714273612058239,-1.591870188291187
Student-t6,13,oracle,excess_kurtosis,0.08007757782799034,0.07945433960464061,-0.0006232382233497258,0.016878394385624305,-0.0369252079973052
Student-t6,13,oracle,coverage_95,0.9493159999999999,0.9495366666666666,0.0002206666666666468,0.000712125867710188,0.3098703146063091
Student-t6,13,oracle,coverage_99,0.9890513333333333,0.9892353333333332,0.00018399999999996197,0.0003166219802265365,0.5811346384363896
Student-t6,13,oracle,p_abs_gt_3,0.00336,0.0032686666666666662,-9.133333333333389e-05,0.00016107775899994525,-0.5670139310378967
Student-t6,21,asymptotic,mean,-0.002907425326436152,-0.00035998130574517207,0.00254744402069098,0.007333369706453537,0.3473770071143651
Student-t6,21,asymptotic,variance,1.0666260515896904,1.0625952729653372,-0.004030778624353193,0.007831310130003832,-0.5147004214416446
Student-t6,21,asymptotic,skewness,0.011240644758216511,-0.00765058934760655,-0.018891234105823062,0.010623665264714977,-1.7782218881243994
Student-t6,21,asymptotic,excess_kurtosis,0.036599452052728056,0.0295744652081541,-0.007024986844573956,0.018519896761471255,-0.3793210585918989
Student-t6,21,asymptotic,coverage_95,0.9423360000000001,0.9426213333333333,0.0002853333333332486,0.0009447566003570067,0.3020178247237714
Student-t6,21,asymptotic,coverage_99,0.9868446666666667,0.9870359999999999,0.00019133333333321012,0.000414404153380708,0.46170708418898143
Student-t6,21,asymptotic,p_abs_gt_3,0.004235333333333334,0.003872,-0.000363333333333334,0.00020901451864846124,-1.7383162456021513
Student-t6,21,corrected,mean,-0.0028215494646777577,-0.0003493486320298113,0.002472200832647946,0.007116765882648206,0.34737700711436365
Student-t6,21,corrected,variance,1.0045472866823542,1.0007511036393124,-0.0037961830430417454,0.007375519593336943,-0.5147004214416601
Student-t6,21,corrected,skewness,0.0112406447582165,-0.007650589347606579,-0.01889123410582308,0.010623665264714975,-1.7782218881244012
Student-t6,21,corrected,excess_kurtosis,0.03659945205272803,0.029574465208154165,-0.007024986844573863,0.01851989676147126,-0.37932105859189374
Student-t6,21,corrected,coverage_95,0.9495446666666666,0.9496440000000002,9.93333333335622e-05,0.000880369648573061,0.11283139246629607
Student-t6,21,corrected,coverage_99,0.9892979999999999,0.9895046666666668,0.00020666666666691036,0.00036464767261865056,0.5667571252622332
Student-t6,21,corrected,p_abs_gt_3,0.0032726666666666668,0.002938666666666667,-0.00033399999999999966,0.00017682812879885068,-1.8888397579546776
Student-t6,21,oracle,mean,-0.0012330261927113583,0.0012330261927113206,0.002466052385422679,0.0070990662447926525,0.34737700711436403
Student-t6,21,oracle,variance,0.9995568138772857,0.995779489825245,-0.003777324052040676,0.007338878879214506,-0.5147004214416153
Student-t6,21,oracle,skewness,0.011240644758216546,-0.007650589347606554,-0.0188912341058231,0.010623665264714977,-1.778221888124403
Student-t6,21,oracle,excess_kurtosis,0.03659945205272806,0.029574465208154183,-0.00702498684457388,0.01851989676147124,-0.379321058591895
Student-t6,21,oracle,coverage_95,0.9501233333333334,0.950238,0.0001146666666665963,0.000878006519311341,0.13059887841896026
Student-t6,21,oracle,coverage_99,0.9894966666666667,0.9897066666666667,0.00021000000000004349,0.00035998663392990945,0.5833549921215441
Student-t6,21,oracle,p_abs_gt_3,0.0032026666666666666,0.0028753333333333326,-0.000327333333333334,0.00017498697027516612,-1.8706154682180278
Student-t6,35,asymptotic,mean,-0.004261092033398499,-0.0008893878264276178,0.0033717042069708815,0.00936735831518369,0.35994184203519114
Student-t6,35,asymptotic,variance,1.040014526084656,1.0349125966136625,-0.005101929470993527,0.009791035759816937,-0.5210816910640022
Student-t6,35,asymptotic,skewness,0.00724296867887429,-0.008295069547094133,-0.015538038225968422,0.013224547368331523,-1.1749391335069022
Student-t6,35,asymptotic,excess_kurtosis,0.006157082060117734,-0.011441245492245476,-0.01759832755236321,0.02315023782383937,-0.7601791258593905
Student-t6,35,asymptotic,coverage_95,0.945722,0.9456700000000001,-5.199999999982996e-05,0.001198926549116099,-0.043372131543977094
Student-t6,35,asymptotic,coverage_99,0.9880273333333333,0.9884286666666667,0.00040133333333347565,0.0004888695062611768,0.8209416381946816
Student-t6,35,asymptotic,p_abs_gt_3,0.0036353333333333337,0.003254,-0.0003813333333333338,0.00022766909402523,-1.674945538682009
Student-t6,35,corrected,mean,-0.004186030895158968,-0.0008737208419868284,0.0033123100531721396,0.009202347897214759,0.35994184203519025
Student-t6,35,corrected,variance,1.0036965585070967,0.9987727916525504,-0.004923766854546319,0.009449126574553487,-0.5210816910640218
Student-t6,35,corrected,skewness,0.007242968678874286,-0.00829506954709413,-0.015538038225968416,0.013224547368331521,-1.174939133506902
Student-t6,35,corrected,excess_kurtosis,0.0061570820601177375,-0.01144124549224542,-0.01759832755236316,0.023150237823839383,-0.7601791258593878
Student-t6,35,corrected,coverage_95,0.949806,0.9498566666666667,5.066666666664332e-05,0.0011408862339560458,0.04440992025204445
Student-t6,35,corrected,coverage_99,0.9894206666666667,0.9898953333333332,0.00047466666666651225,0.0004515319317391812,1.0512360993788903
Student-t6,35,corrected,p_abs_gt_3,0.0030646666666666665,0.0027506666666666665,-0.00031400000000000004,0.00020392411155832898,-1.5397884909268602
Student-t6,35,oracle,mean,-0.0016518689273619495,0.0016518689273619018,0.0033037378547238513,0.009178532387465127,0.35994184203519036
Student-t6,35,oracle,variance,0.9985081838726292,0.9936098692793641,-0.004898314593265063,0.009400281524501501,-0.5210816910640154
Student-t6,35,oracle,skewness,0.007242968678874278,-0.008295069547094155,-0.015538038225968432,0.013224547368331523,-1.1749391335069028
Student-t6,35,oracle,excess_kurtosis,0.0061570820601176066,-0.011441245492245365,-0.017598327552362972,0.02315023782383939,-0.7601791258593795
Student-t6,35,oracle,coverage_95,0.950418,0.9504419999999999,2.399999999991298e-05,0.0011316870065091996,0.021207277155141466
Student-t6,35,oracle,coverage_99,0.9896153333333334,0.9901053333333335,0.0004900000000001015,0.00044549346317425745,1.0999039054551403
Student-t6,35,oracle,p_abs_gt_3,0.002990666666666666,0.002684,-0.000306666666666666,0.00020123585417576053,-1.523916639620401
Student-t6,55,asymptotic,mean,-0.0057158893400620844,-0.0014211569460751382,0.004294732393986946,0.011675797923435262,0.36783202502731793
Student-t6,55,asymptotic,variance,1.025423014808952,1.0192884029707028,-0.00613461183824926,0.012125610990191667,-0.5059218742223802
Student-t6,55,asymptotic,skewness,-0.0012151163134123076,-0.0025145632487835134,-0.0012994469353712057,0.015974229269136463,-0.08134645581191483
Student-t6,55,asymptotic,excess_kurtosis,-0.020113937891825896,-0.03756416691051619,-0.017450229018690297,0.029126175218282917,-0.599125318992675
Student-t6,55,asymptotic,coverage_95,0.9470613333333334,0.9472186666666667,0.00015733333333323163,0.0014861406480313334,0.10586705473781945
Student-t6,55,asymptotic,coverage_99,0.9887906666666666,0.9890826666666667,0.00029200000000007,0.0006074210694037174,0.48072089479331936
Student-t6,55,asymptotic,p_abs_gt_3,0.0032740000000000004,0.0028886666666666666,-0.0003853333333333339,0.0002747321162014274,-1.4025784049609116
Student-t6,55,corrected,mean,-0.005652022650156625,-0.001405277599121052,0.004246745051035573,0.011545337986055367,0.3678320250273189
Student-t6,55,corrected,variance,1.002635836702086,0.9966375495713536,-0.00599828713073236,0.011856152968187405,-0.5059218742223593
Student-t6,55,corrected,skewness,-0.001215116313412333,-0.0025145632487834934,-0.0012994469353711604,0.015974229269136463,-0.081346455811912
Student-t6,55,corrected,excess_kurtosis,-0.02011393789182572,-0.03756416691051619,-0.017450229018690474,0.029126175218282903,-0.5991253189926813
Student-t6,55,corrected,coverage_95,0.9496273333333334,0.9498873333333333,0.00025999999999992696,0.00144338339040461,0.1801323208569302
Student-t6,55,corrected,coverage_99,0.9896366666666667,0.9899906666666668,0.0003540000000000765,0.0005785027296280758,0.6119245111041499
Student-t6,55,corrected,p_abs_gt_3,0.0029340000000000004,0.002572,-0.00036200000000000034,0.0002535153824185172,-1.4279212430683623
Student-t6,55,oracle,mean,-0.002117126619611246,0.0021171266196112403,0.004234253239222486,0.011511377343797124,0.36783202502731804
Student-t6,55,oracle,variance,0.996746000009014,0.9907829489334322,-0.005963051075581816,0.011786505742111387,-0.5059218742223782
Student-t6,55,oracle,skewness,-0.0012151163134124534,-0.002514563248783633,-0.0012994469353711797,0.015974229269136463,-0.0813464558119132
Student-t6,55,oracle,excess_kurtosis,-0.02011393789182586,-0.03756416691051615,-0.01745022901869029,0.029126175218282903,-0.5991253189926751
Student-t6,55,oracle,coverage_95,0.9502940000000001,0.9505493333333334,0.0002553333333332741,0.001435750922378639,0.1778395746458989
Student-t6,55,oracle,coverage_99,0.9898426666666666,0.9902186666666667,0.00037600000000004297,0.0005713681866173183,0.6580695404588113
Student-t6,55,oracle,p_abs_gt_3,0.002839333333333333,0.0025053333333333334,-0.00033399999999999966,0.0002487501482558552,-1.342712767577769
Student-t6,89,asymptotic,mean,-0.007559846227877022,-0.002078795422724317,0.005481050805152705,0.014782768273385113,0.370772963750016
Student-t6,89,asymptotic,variance,1.013966131210919,1.0059498936894518,-0.008016237521467184,0.01542979975648054,-0.5195295887168174
Student-t6,89,asymptotic,skewness,-0.012489345932771687,0.007044300327899601,0.01953364626067129,0.01962953317964616,0.9951151706921744
Student-t6,89,asymptotic,excess_kurtosis,-0.058678246623429825,-0.056244170478374406,0.0024340761450554194,0.03521943435177596,0.06911173304896305
Student-t6,89,asymptotic,coverage_95,0.94803,0.9488553333333334,0.0008253333333333446,0.001950337186022275,0.4231746896118087
Student-t6,89,asymptotic,coverage_99,0.9892366666666668,0.9896419999999999,0.0004053333333331466,0.0007728933715220296,0.5244362913023035
Student-t6,89,asymptotic,p_abs_gt_3,0.002898666666666666,0.002752666666666667,-0.000145999999999999,0.00033407960671931323,-0.4370215872609823
Student-t6,89,corrected,mean,-0.007507757722466677,-0.0020644722019391745,0.005443285520527502,0.014680912722097756,0.37077296375001617
Student-t6,89,corrected,variance,1.000041502692417,0.9921353508297965,-0.007906151862620447,0.015217904878426503,-0.5195295887168093
Student-t6,89,corrected,skewness,-0.012489345932771708,0.007044300327899583,0.019533646260671292,0.01962953317964616,0.9951151706921745
Student-t6,89,corrected,excess_kurtosis,-0.05867824662342983,-0.05624417047837449,0.002434076145055343,0.03521943435177598,0.06911173304896086
Student-t6,89,corrected,coverage_95,0.9496433333333334,0.9504453333333333,0.0008019999999998584,0.0019222258236115404,0.4172246518325483
Student-t6,89,corrected,coverage_99,0.9897826666666667,0.9901566666666667,0.00037399999999998546,0.0007500568243580496,0.4986288876447201
Student-t6,89,corrected,p_abs_gt_3,0.002697333333333333,0.0025666666666666667,-0.00013066666666666608,0.00032092981871121245,-0.4071502834837732
Student-t6,89,oracle,mean,-0.0027131502485306797,0.00271315024853068,0.005426300497061359,0.014635102954054383,0.3707729637500161
Student-t6,89,oracle,variance,0.9938102559528166,0.9859533672286599,-0.007856888724156685,0.015123082293661829,-0.5195295887168155
Student-t6,89,oracle,skewness,-0.01248934593277178,0.00704430032789952,0.0195336462606713,0.01962953317964616,0.9951151706921749
Student-t6,89,oracle,excess_kurtosis,-0.0586782466234298,-0.056244170478374565,0.002434076145055232,0.03521943435177597,0.06911173304895772
Student-t6,89,oracle,coverage_95,0.950368,0.9511693333333334,0.0008013333333334316,0.0019150373242358418,0.41844267116474504
Student-t6,89,oracle,coverage_99,0.9900446666666668,0.9903833333333334,0.0003386666666665983,0.0007403672804368931,0.45743062344239466
Student-t6,89,oracle,p_abs_gt_3,0.002612666666666667,0.002484,-0.00012866666666666712,0.0003150398842289191,-0.40841389648674886
Student-t6,144,asymptotic,mean,-0.009769110352407443,-0.0028717858706721233,0.00689732448173532,0.018716208266727884,0.3685214645744677
Student-t6,144,asymptotic,variance,1.0017667876780183,0.9918868557463765,-0.009879931931641828,0.019584299920658375,-0.5044822624075546
Student-t6,144,asymptotic,skewness,-0.020905508477941936,0.01304498258322838,0.03395049106117032,0.02435564255543864,1.3939476646486233
Student-t6,144,asymptotic,excess_kurtosis,-0.10068071557077357,-0.07171011314744315,0.028970602423330424,0.041065749402350256,0.7054687384244446
Student-t6,144,asymptotic,coverage_95,0.9488746666666668,0.9503093333333333,0.0014346666666665842,0.0024988942883458452,0.5741205913981533
Student-t6,144,asymptotic,coverage_99,0.9896473333333334,0.9901833333333334,0.0005359999999999809,0.0009592652695213881,0.5587609778340151
Student-t6,144,asymptotic,p_abs_gt_3,0.0027073333333333337,0.002654,-5.333333333333362e-05,0.0004109196646063972,-0.1297901705055157
Student-t6,144,corrected,mean,-0.009727563590057683,-0.0028595725369309527,0.006867991053126731,0.018636610654571215,0.36852146457446866
Student-t6,144,corrected,variance,0.9932641374739607,0.9834680629892697,-0.009796074484690998,0.01941807515281328,-0.504482262407546
Student-t6,144,corrected,skewness,-0.020905508477941953,0.013044982583228365,0.03395049106117032,0.024355642555438636,1.3939476646486235
Student-t6,144,corrected,excess_kurtosis,-0.10068071557077367,-0.07171011314744308,0.02897060242333059,0.041065749402350256,0.7054687384244487
Student-t6,144,corrected,coverage_95,0.9498300000000001,0.9512826666666667,0.0014526666666666577,0.0024751599619876894,0.5868980950629497
Student-t6,144,corrected,coverage_99,0.9899680000000001,0.9905126666666666,0.0005446666666665267,0.0009366410735093753,0.5815105509155049
Student-t6,144,corrected,p_abs_gt_3,0.0025960000000000002,0.002563333333333333,-3.266666666666739e-05,0.00040292787507768666,-0.08107323589952439
Student-t6,144,oracle,mean,-0.0034257616231580627,0.003425761623158052,0.006851523246316115,0.01859192450086337,0.36852146457446855
Student-t6,144,oracle,variance,0.9885066263334057,0.978757472835526,-0.009749153497879637,0.019325066953501273,-0.5044822624075467
Student-t6,144,oracle,skewness,-0.020905508477941814,0.013044982583228509,0.033950491061170325,0.02435564255543864,1.3939476646486235
Student-t6,144,oracle,excess_kurtosis,-0.10068071557077363,-0.07171011314744313,0.028970602423330494,0.04106574940235027,0.705468738424446
Student-t6,144,oracle,coverage_95,0.9503673333333333,0.9518213333333335,0.0014540000000001774,0.002466918829216219,0.5893992063217327
Student-t6,144,oracle,coverage_99,0.9901546666666667,0.9906773333333335,0.0005226666666667823,0.0009277455589881432,0.5633728575718917
Student-t6,144,oracle,p_abs_gt_3,0.00254,0.002512,-2.8000000000000247e-05,0.00039790645114103025,-0.07036829867851574
Student-t6,233,asymptotic,mean,-0.012452068141195052,-0.0038905043990454437,0.008561563742149609,0.023687411231218786,0.3614394016542386
Student-t6,233,asymptotic,variance,0.9827570647336493,0.9744883275305981,-0.008268737203051213,0.024385497896648255,-0.3390842064450009
Student-t6,233,asymptotic,skewness,-0.022948921210179014,0.013759414961200263,0.03670833617137928,0.02998669767902687,1.2241540086974505
Student-t6,233,asymptotic,excess_kurtosis,-0.13654990132763026,-0.09014080287404946,0.046409098453580794,0.04885862577488866,0.9498649975831529
Student-t6,233,asymptotic,coverage_95,0.9496033333333332,0.9507686666666667,0.0011653333333334626,0.0031703260805964325,0.3675752284491281
Student-t6,233,asymptotic,coverage_99,0.9896093333333335,0.9904700000000002,0.0008606666666667318,0.0012760345794504218,0.6744853787876299
Student-t6,233,asymptotic,p_abs_gt_3,0.0025533333333333332,0.002484,-6.933333333333314e-05,0.000507517918330871,-0.1366125821948458
Student-t6,233,corrected,mean,-0.012419365983848947,-0.003880286988927645,0.008539078994921302,0.023625202332229343,0.3614394016542389
Student-t6,233,corrected,variance,0.9776019251475407,0.9693765623408813,-0.00822536280665942,0.024257581598668698,-0.3390842064450004
Student-t6,233,corrected,skewness,-0.02294892121017901,0.013759414961200247,0.03670833617137926,0.02998669767902687,1.2241540086974498
Student-t6,233,corrected,excess_kurtosis,-0.13654990132763023,-0.09014080287404964,0.046409098453580586,0.048858625774888656,0.9498649975831488
Student-t6,233,corrected,coverage_95,0.9501706666666667,0.9513579999999999,0.001187333333333207,0.00314799141233958,0.377171719299826
Student-t6,233,corrected,coverage_99,0.9898213333333334,0.9906553333333333,0.0008339999999998904,0.0012599447848293647,0.6619337688776891
Student-t6,233,corrected,p_abs_gt_3,0.0024820000000000003,0.002427333333333333,-5.466666666666727e-05,0.0004990011731050679,-0.10955218066222232
Student-t6,233,oracle,mean,-0.004269629936613587,0.004269629936613548,0.008539259873227133,0.023625702771044328,0.36143940165423794
Student-t6,233,oracle,variance,0.9776433415234601,0.9694176302470305,-0.00822571127642957,0.024258609277821683,-0.33908420644500376
Student-t6,233,oracle,skewness,-0.022948921210179173,0.01375941496120013,0.0367083361713793,0.029986697679026873,1.2241540086974512
Student-t6,233,oracle,excess_kurtosis,-0.13654990132763034,-0.09014080287404946,0.04640909845358088,0.04885862577488867,0.9498649975831545
Student-t6,233,oracle,coverage_95,0.9501573333333333,0.9513546666666667,0.0011973333333333835,0.0031544153301133007,0.37957377454489405
Student-t6,233,oracle,coverage_99,0.9897886666666666,0.9906606666666665,0.0008719999999998729,0.0012654730442530153,0.6890703867300452
Student-t6,233,oracle,p_abs_gt_3,0.002468,0.002428,-4.0000000000000105e-05,0.0004959661561741642,-0.08065066436902933
Student-t6,377,asymptotic,mean,-0.015775620849512246,-0.00521981715387793,0.010555803695634317,0.029963364656417014,0.352290332433466
Student-t6,377,asymptotic,variance,0.9521755058102949,0.9517114966299568,-0.00046400918033806526,0.0297964090747117,-0.015572654381761432
Student-t6,377,asymptotic,skewness,-0.021487205312587826,0.013354438933451222,0.03484164424603905,0.03586938661607629,0.9713476458062258
Student-t6,377,asymptotic,excess_kurtosis,-0.17029010772617229,-0.12312880759491864,0.04716130013125365,0.05747536859996407,0.8205480239631405
Student-t6,377,asymptotic,coverage_95,0.951286,0.9516766666666667,0.0003906666666667613,0.0038632312130971336,0.10112432963947962
Student-t6,377,asymptotic,coverage_99,0.9900493333333333,0.990888,0.0008386666666666542,0.0015791137050786591,0.5310996060444415
Student-t6,377,asymptotic,p_abs_gt_3,0.0024406666666666665,0.002407333333333334,-3.33333333333327e-05,0.0006757695375172347,-0.04932648111928628
Student-t6,377,corrected,mean,-0.015750028054937346,-0.0052113490428975645,0.010538679012039781,0.029914755080683694,0.35229033243346625
Student-t6,377,corrected,variance,0.9490885825671729,0.9486260776901014,-0.0004625048770714457,0.029699810047354846,-0.015572654381762209
Student-t6,377,corrected,skewness,-0.021487205312587836,0.013354438933451186,0.03484164424603902,0.03586938661607629,0.971347645806225
Student-t6,377,corrected,excess_kurtosis,-0.17029010772617217,-0.12312880759491862,0.04716130013125355,0.05747536859996407,0.8205480239631388
Student-t6,377,corrected,coverage_95,0.9516373333333332,0.9520353333333333,0.0003980000000001205,0.003848897124027223,0.10340624526323543
Student-t6,377,corrected,coverage_99,0.9901593333333333,0.991,0.0008406666666667117,0.0015677845880795876,0.5362131207683717
Student-t6,377,corrected,p_abs_gt_3,0.0023913333333333334,0.0023680000000000003,-2.3333333333333105e-05,0.0006666858348121559,-0.03499899370129479
Student-t6,377,oracle,mean,-0.005292326111089656,0.005292326111089647,0.010584652222179303,0.03004525315544481,0.35229033243346625
Student-t6,377,oracle,variance,0.9573871214702017,0.9569205725926168,-0.0004665488775849047,0.029959496059406412,-0.01557265438176227
Student-t6,377,oracle,skewness,-0.021487205312587795,0.013354438933451276,0.03484164424603907,0.03586938661607629,0.9713476458062263
Student-t6,377,oracle,excess_kurtosis,-0.17029010772617217,-0.12312880759491877,0.0471613001312534,0.05747536859996405,0.8205480239631364
Student-t6,377,oracle,coverage_95,0.950742,0.9510846666666666,0.0003426666666666023,0.00389071411416062,0.0880729492355747
Student-t6,377,oracle,coverage_99,0.989814,0.9906926666666666,0.0008786666666665832,0.001603811340642742,0.5478616121485022
Student-t6,377,oracle,p_abs_gt_3,0.0025,0.0024933333333333335,-6.66666666666654e-06,0.000694533953716805,-0.009598762783287714
Student-t8,2,asymptotic,mean,-0.0014570262306573135,-0.0009701053628763749,0.00048692086778093864,0.003762628065432725,0.1294097793651948
Student-t8,2,asymptotic,variance,2.5719738492795905,2.5731126904131063,0.001138841133515811,0.009120597811473447,0.12486474648440062
Student-t8,2,asymptotic,skewness,0.006308573812582152,-0.00902318054388375,-0.015331754356465901,0.009438107519315592,-1.624452182292758
Student-t8,2,asymptotic,excess_kurtosis,0.6327219758432924,0.6237360796538368,-0.008985896189455556,0.027529001870956606,-0.32641561911969547
Student-t8,2,asymptotic,coverage_95,0.7936366666666667,0.7936613333333332,2.466666666656181e-05,0.0006687498085478221,0.03688474576183434
Student-t8,2,asymptotic,coverage_99,0.8969766666666666,0.896738,-0.0002386666666666093,0.0005414953262070628,-0.4407548045490339
Student-t8,2,asymptotic,p_abs_gt_3,0.062058,0.06226466666666667,0.0002066666666666675,0.0004393272794620568,0.47041619386741634
Student-t8,2,corrected,mean,-0.0007980461334077361,-0.0005313485904041219,0.00026669754300361417,0.002060876266939525,0.1294097793651967
Student-t8,2,corrected,variance,0.771592154783877,0.7719338071239319,0.00034165234005489875,0.0027361793434420335,0.12486474648445745
Student-t8,2,corrected,skewness,0.006308573812582156,-0.00902318054388374,-0.015331754356465896,0.009438107519315588,-1.624452182292758
Student-t8,2,corrected,excess_kurtosis,0.6327219758432925,0.6237360796538368,-0.008985896189455667,0.027529001870956606,-0.3264156191196995
Student-t8,2,corrected,coverage_95,0.9697053333333333,0.9697226666666666,1.733333333331366e-05,0.00030891923280634533,0.05610959594794652
Student-t8,2,corrected,coverage_99,0.992738,0.9928086666666668,7.066666666677435e-05,0.00016501086265855868,0.42825463444184386
Student-t8,2,corrected,p_abs_gt_3,0.0026700000000000005,0.0025866666666666672,-8.333333333333326e-05,0.00011180883853376263,-0.7453197298724225
Student-t8,2,oracle,mean,-0.00015177635140313536,0.00015177635140312825,0.0003035527028062636,0.0023456705072468545,0.12940977936519632
Student-t8,2,oracle,variance,0.9995809762804978,1.0000235795100707,0.0004426032295729021,0.0035446612597589237,0.12486474648440851
Student-t8,2,oracle,skewness,0.006308573812582203,-0.009023180543883754,-0.015331754356465957,0.009438107519315588,-1.6244521822927644
Student-t8,2,oracle,excess_kurtosis,0.6327219758432924,0.6237360796538368,-0.008985896189455556,0.02752900187095661,-0.3264156191196954
Student-t8,2,oracle,coverage_95,0.9480093333333334,0.9477073333333333,-0.00030200000000002447,0.0004103532809722352,-0.7359512254526315
Student-t8,2,oracle,coverage_99,0.9849906666666666,0.9848906666666667,-9.999999999987796e-05,0.0002269948089160941,-0.4405387086928572
Student-t8,2,oracle,p_abs_gt_3,0.006342666666666667,0.00627,-7.266666666666619e-05,0.00015546682013774737,-0.4674094871322496
Student-t8,3,asymptotic,mean,-0.0014277702251063137,-0.00043167133101825687,0.0009960988940880568,0.0037429275326807208,0.2661282873875576
Student-t8,3,asymptotic,variance,1.7784672611974637,1.7797192894166372,0.0012520282191734733,0.00646456214720203,0.19367564123664152
Student-t8,3,asymptotic,skewness,0.0046758462667621445,-0.007250048578040377,-0.011925894844802522,0.00818719588147682,-1.4566519498799764
Student-t8,3,asymptotic,excess_kurtosis,0.46162743152311986,0.4473611995329811,-0.014266231990138767,0.020507374358578113,-0.6956635081941286
Student-t8,3,asymptotic,coverage_95,0.8638193333333334,0.8638153333333335,-3.999999999892978e-06,0.0006616546121134456,-0.006045450189058984
Student-t8,3,asymptotic,coverage_99,0.944178,0.9441299999999999,-4.8000000000048004e-05,0.0004394314987631897,-0.10923204216162774
Student-t8,3,asymptotic,p_abs_gt_3,0.028654666666666665,0.028754,9.933333333333322e-05,0.00033768158294758733,0.2941627211832606
Student-t8,3,corrected,mean,-0.0010426959456332771,-0.00031524816723596847,0.0007274477783973086,0.002733447787675179,0.26612828738755945
Student-t8,3,corrected,variance,0.9485158726386475,0.9491836210222065,0.0006677483835590969,0.003447766478507752,0.1936756412366156
Student-t8,3,corrected,skewness,0.004675846266762159,-0.007250048578040356,-0.011925894844802516,0.008187195881476818,-1.456651949879976
Student-t8,3,corrected,excess_kurtosis,0.46162743152311975,0.4473611995329811,-0.014266231990138656,0.020507374358578107,-0.6956635081941234
Student-t8,3,corrected,coverage_95,0.952718,0.9527746666666665,5.666666666659381e-05,0.00040608279627054,0.13954461303709456
Student-t8,3,corrected,coverage_99,0.9879273333333333,0.9879546666666666,2.7333333333379173e-05,0.00021111202092755646,0.12947312622599857
Student-t8,3,corrected,p_abs_gt_3,0.004507333333333333,0.004377333333333334,-0.00012999999999999904,0.00013989060053112596,-0.929297604745601
Student-t8,3,oracle,mean,-0.0003733410002680416,0.00037334100026805724,0.0007466820005360989,0.002805722036788652,0.2661282873875594
Student-t8,3,oracle,variance,0.999337820464023,1.0000413471349978,0.0007035266709748411,0.00363249950527024,0.19367564123659864
Student-t8,3,oracle,skewness,0.0046758462667622226,-0.007250048578040291,-0.011925894844802514,0.00818719588147682,-1.4566519498799755
Student-t8,3,oracle,excess_kurtosis,0.46162743152311975,0.447361199532981,-0.014266231990138767,0.020507374358578103,-0.6956635081941289
Student-t8,3,oracle,coverage_95,0.9473726666666668,0.9474253333333333,5.266666666658981e-05,0.00042011471003839323,0.1253625864749576
Student-t8,3,oracle,coverage_99,0.9859533333333333,0.985938,-1.5333333333367172e-05,0.00022527493274138887,-0.06806497796614386
Student-t8,3,oracle,p_abs_gt_3,0.005379333333333333,0.005269333333333334,-0.00010999999999999899,0.00015039831714872874,-0.7313911623839521
Student-t8,5,asymptotic,mean,-0.0013578524603973252,-2.256230223179882e-05,0.0013352901581655263,0.004230807567679288,0.31561117748921136
Student-t8,5,asymptotic,variance,1.3756360872371278,1.3778496471649035,0.002213559927775721,0.0056831438614158795,0.3894956703109469
Student-t8,5,asymptotic,skewness,0.005350367853795217,-0.0058939435626803845,-0.0112443114164756,0.007568068281529068,-1.485757130907357
Student-t8,5,asymptotic,excess_kurtosis,0.2982262951753145,0.2749930257266318,-0.023233269448682703,0.01689664476132248,-1.375022661414127
Student-t8,5,asymptotic,coverage_95,0.9056266666666666,0.9057133333333334,8.666666666679035e-05,0.000653085968208892,0.13270330536189026
Student-t8,5,asymptotic,coverage_99,0.968826,0.968876,4.999999999999449e-05,0.0003786817577916986,0.13203699140822617
Student-t8,5,asymptotic,p_abs_gt_3,0.013508666666666667,0.013476666666666666,-3.200000000000078e-05,0.00026840637776649604,-0.11922220427951095
Student-t8,5,corrected,mean,-0.001152176019117342,-1.9144748288751293e-05,0.0011330312708285907,0.0035899592652016642,0.3156111774892084
Student-t8,5,corrected,variance,0.9904579828107319,0.9920517459587305,0.0015937631479985281,0.00409186358021943,0.3894956703109494
Student-t8,5,corrected,skewness,0.005350367853795199,-0.005893943562680369,-0.011244311416475567,0.007568068281529067,-1.485757130907353
Student-t8,5,corrected,excess_kurtosis,0.29822629517531457,0.2749930257266318,-0.02323326944868276,0.016896644761322476,-1.3750226614141305
Student-t8,5,corrected,coverage_95,0.948686,0.9487993333333332,0.00011333333333318762,0.00048771778820919857,0.23237482017894975
Student-t8,5,corrected,coverage_99,0.9874753333333334,0.9874926666666667,1.733333333331366e-05,0.000258352114767188,0.0670918964566381
Student-t8,5,corrected,p_abs_gt_3,0.004347333333333334,0.004274,-7.33333333333341e-05,0.00014071400217944454,-0.5211516423206859
Student-t8,5,oracle,mean,-0.0005688515147381799,0.0005688515147382175,0.0011377030294763973,0.0036047615250105933,0.315611177489211
Student-t8,5,oracle,variance,0.9986426115170168,1.0002495446932633,0.0016069331762464945,0.004125676608840622,0.389495670310928
Student-t8,5,oracle,skewness,0.005350367853795328,-0.0058939435626802865,-0.011244311416475614,0.007568068281529067,-1.4857571309073592
Student-t8,5,oracle,excess_kurtosis,0.29822629517531457,0.2749930257266319,-0.023233269448682647,0.01689664476132248,-1.3750226614141237
Student-t8,5,oracle,coverage_95,0.9478433333333333,0.9479266666666667,8.333333333343518e-05,0.0004915890786238268,0.16951827645708015
Student-t8,5,oracle,coverage_99,0.9871319999999999,0.9871666666666666,3.4666666666738344e-05,0.000261917213830219,0.13235734360403706
Student-t8,5,oracle,p_abs_gt_3,0.004489333333333334,0.004414,-7.53333333333335e-05,0.00014304692723652915,-0.5266337053767627
Student-t8,8,asymptotic,mean,-0.001355703163057347,0.00027880542707951484,0.0016345085901368617,0.0050250817402176014,0.32527005024719907
Student-t8,8,asymptotic,variance,1.2063612558739507,1.2095099155798987,0.0031486597059480204,0.00587420088521443,0.5360149861189303
Student-t8,8,asymptotic,skewness,0.006921762616008625,-0.0034279037031585222,-0.010349666319167148,0.008037577078841092,-1.2876599773347899
Student-t8,8,asymptotic,excess_kurtosis,0.191096070644963,0.16477927840079024,-0.02631679224417277,0.016741883922728837,-1.5719134337351968
Student-t8,8,asymptotic,coverage_95,0.9251646666666667,0.92477,-0.0003946666666667653,0.0007100309918283326,-0.5558442817411351
Student-t8,8,asymptotic,coverage_99,0.9785513333333333,0.9787873333333333,0.00023600000000001398,0.00037607553054986486,0.6275335160863972
Student-t8,8,asymptotic,p_abs_gt_3,0.008106666666666667,0.008028,-7.866666666666612e-05,0.0002316846818692714,-0.3395419413660415
Student-t8,8,corrected,mean,-0.001231378548504496,0.00025323760500647755,0.0014846161535109735,0.004564257153041597,0.3252700502471981
Student-t8,8,corrected,variance,0.9952480360960091,0.9978456803534165,0.0025976442574073833,0.004846215730301906,0.5360149861189851
Student-t8,8,corrected,skewness,0.006921762616008641,-0.0034279037031585344,-0.010349666319167176,0.008037577078841092,-1.2876599773347934
Student-t8,8,corrected,excess_kurtosis,0.19109607064496284,0.16477927840079035,-0.026316792244172493,0.016741883922728813,-1.5719134337351823
Student-t8,8,corrected,coverage_95,0.9488580000000001,0.9488353333333334,-2.2666666666726343e-05,0.0005803453619882616,-0.03905720309208711
Student-t8,8,corrected,coverage_99,0.9881419999999999,0.9881793333333334,3.733333333355571e-05,0.000287429958923125,0.129886715613875
Student-t8,8,corrected,p_abs_gt_3,0.0038580000000000003,0.0037806666666666666,-7.733333333333377e-05,0.00014544290091613474,-0.5317092332882284
Student-t8,8,oracle,mean,-0.0007432475766313203,0.0007432475766313237,0.001486495153262644,0.004570033890710001,0.3252700502471989
Student-t8,8,oracle,variance,0.9977688954209714,1.000373119239967,0.00260422381899561,0.004858490688575052,0.5360149861189512
Student-t8,8,oracle,skewness,0.006921762616008735,-0.003427903703158427,-0.010349666319167162,0.008037577078841092,-1.2876599773347916
Student-t8,8,oracle,excess_kurtosis,0.19109607064496284,0.16477927840079032,-0.02631679224417252,0.01674188392272883,-1.5719134337351826
Student-t8,8,oracle,coverage_95,0.9485933333333333,0.9485526666666667,-4.066666666657781e-05,0.0005817213697697405,-0.06990746563543758
Student-t8,8,oracle,coverage_99,0.9880413333333333,0.9880806666666668,3.9333333333502196e-05,0.0002891869870002665,0.13601349680878258
Student-t8,8,oracle,p_abs_gt_3,0.0039053333333333336,0.003819333333333333,-8.600000000000057e-05,0.00014659179907333,-0.5866631049188541
Student-t8,13,asymptotic,mean,-0.001406772509439765,0.0005882279626836631,0.0019950004721234283,0.006169314035810151,0.3233747642838943
Student-t8,13,asymptotic,variance,1.115050198139943,1.1187849798304632,0.003734781690520217,0.006716990670632088,0.5560200800708814
Student-t8,13,asymptotic,skewness,0.008793265506373979,0.0004449441652896816,-0.008348321341084297,0.009591364750131979,-0.8703997354463474
Student-t8,13,asymptotic,excess_kurtosis,0.11688691943690972,0.09044603149322272,-0.026440887943687,0.018232857622389256,-1.4501779420039234
Student-t8,13,asymptotic,coverage_95,0.9357233333333334,0.93548,-0.00024333333333337315,0.0008184608204550068,-0.297306025226836
Student-t8,13,asymptotic,coverage_99,0.983758,0.9837966666666667,3.866666666663132e-05,0.00041151285570363035,0.09396223260271333
Student-t8,13,asymptotic,p_abs_gt_3,0.005510666666666667,0.005466666666666666,-4.40000000000015e-05,0.0002199475960978882,-0.20004765126152685
Student-t8,13,corrected,mean,-0.0013288660047765198,0.000555652130976441,0.001884518135752961,0.005827659866799364,0.3233747642838953
Student-t8,13,corrected,variance,0.9949678691094874,0.9983004435410288,0.0033325744315413353,0.005993622444564019,0.5560200800709177
Student-t8,13,corrected,skewness,0.008793265506373974,0.00044494416528969547,-0.008348321341084278,0.009591364750131979,-0.8703997354463454
Student-t8,13,corrected,excess_kurtosis,0.1168869194369097,0.09044603149322271,-0.026440887943686986,0.018232857622389246,-1.4501779420039236
Student-t8,13,corrected,coverage_95,0.9494033333333335,0.9492493333333334,-0.0001540000000000985,0.0007131316684934044,-0.21594890088873234
Student-t8,13,corrected,coverage_99,0.9888513333333333,0.9888980000000002,4.666666666686137e-05,0.00033448960158314597,0.13951604607732826
Student-t8,13,corrected,p_abs_gt_3,0.003416666666666667,0.0033699999999999997,-4.666666666666708e-05,0.00016820558292950614,-0.27743827436586793
Student-t8,13,oracle,mean,-0.0009431154427601759,0.0009431154427601624,0.0018862308855203383,0.005832956352352811,0.323374764283895
Student-t8,13,oracle,variance,0.9967772498272565,1.0001158846514038,0.003338634824147313,0.006004522037623731,0.5560200800709469
Student-t8,13,oracle,skewness,0.008793265506374022,0.0004449441652897227,-0.0083483213410843,0.00959136475013198,-0.8703997354463476
Student-t8,13,oracle,excess_kurtosis,0.11688691943690972,0.09044603149322279,-0.02644088794368693,0.01823285762238925,-1.4501779420039203
Student-t8,13,oracle,coverage_95,0.9492120000000001,0.9490433333333333,-0.00016866666666670582,0.000714083091795559,-0.23620033663392614
Student-t8,13,oracle,coverage_99,0.9887706666666666,0.9888300000000001,5.93333333335222e-05,0.0003366128009713506,0.17626582578650096
Student-t8,13,oracle,p_abs_gt_3,0.0034386666666666667,0.003394666666666666,-4.4000000000000636e-05,0.00016881113014496029,-0.2606463209044171
Student-t8,21,asymptotic,mean,-0.00149984840038666,0.0009396706074497159,0.002439519007836376,0.007673251940397747,0.31792505013329747
Student-t8,21,asymptotic,variance,1.0654854704429655,1.0696053026165018,0.004119832173536286,0.008102247846662943,0.5084801466833817
Student-t8,21,asymptotic,skewness,0.011464787237134151,0.004910485262466285,-0.006554301974667867,0.012010611945026404,-0.5457092448467628
Student-t8,21,asymptotic,excess_kurtosis,0.07111262621206203,0.04387487099861646,-0.027237755213445576,0.02107112019053025,-1.2926581485538071
Student-t8,21,asymptotic,coverage_95,0.9416873333333333,0.941604,-8.333333333332416e-05,0.0009878229805666966,-0.08436059392495333
Student-t8,21,asymptotic,coverage_99,0.9864519999999999,0.9864946666666667,4.266666666685737e-05,0.0004670816400582789,0.09134734275047451
Student-t8,21,asymptotic,p_abs_gt_3,0.00435,0.004246,-0.00010399999999999993,0.00025422062527613587,-0.4090934788907648
Student-t8,21,corrected,mean,-0.001448991215478183,0.000907808052658304,0.002356799268136487,0.007413065649115527,0.3179250501332985
Student-t8,21,corrected,variance,0.9944531057467678,0.9982982824420684,0.0038451766953006006,0.007562097990218745,0.5084801466833906
Student-t8,21,corrected,skewness,0.0114647872371342,0.004910485262466304,-0.006554301974667896,0.012010611945026405,-0.5457092448467651
Student-t8,21,corrected,excess_kurtosis,0.0711126262120621,0.04387487099861646,-0.027237755213445645,0.021071120190530236,-1.2926581485538113
Student-t8,21,corrected,coverage_95,0.9496699999999999,0.949824,0.0001540000000000985,0.0009043021774109445,0.17029705760634906
Student-t8,21,corrected,coverage_99,0.9892546666666667,0.9893353333333333,8.066666666661781e-05,0.00041441923570700276,0.1946499093580919
Student-t8,21,corrected,p_abs_gt_3,0.0032626666666666668,0.0031,-0.00016266666666666686,0.00021131138299863384,-0.769796043915526
Student-t8,21,oracle,mean,-0.001179034160023412,0.001179034160023443,0.002358068320046855,0.007417057319195789,0.31792505013329647
Student-t8,21,oracle,variance,0.995524348771131,0.9993736675609038,0.003849318789772793,0.00757024402010669,0.5084801466833752
Student-t8,21,oracle,skewness,0.01146478723713435,0.004910485262466458,-0.006554301974667891,0.012010611945026405,-0.5457092448467646
Student-t8,21,oracle,excess_kurtosis,0.07111262621206198,0.04387487099861644,-0.027237755213445534,0.02107112019053025,-1.2926581485538051
Student-t8,21,oracle,coverage_95,0.9495533333333334,0.9496913333333333,0.00013799999999997148,0.0009061910284906595,0.15228577161023385
Student-t8,21,oracle,coverage_99,0.9892173333333334,0.9892919999999998,7.466666666644528e-05,0.00041474606336410597,0.18002983816363638
Student-t8,21,oracle,p_abs_gt_3,0.003278666666666667,0.003117333333333333,-0.00016133333333333407,0.0002119472073735587,-0.7611958436847094
Student-t8,35,asymptotic,mean,-0.0016972177764249107,0.0014074698669592422,0.003104687643384153,0.009769897407578861,0.3177809872369525
Student-t8,35,asymptotic,variance,1.0358946983240782,1.0400489627055414,0.0041542643814631575,0.010060114263963117,0.4129440553517741
Student-t8,35,asymptotic,skewness,0.013893436333209469,0.007688073682058303,-0.006205362651151166,0.015281222204490099,-0.40607764013325043
Student-t8,35,asymptotic,excess_kurtosis,0.04413115790498009,0.012164783634815166,-0.031966374270164924,0.025954387864806628,-1.2316366094501643
Student-t8,35,asymptotic,coverage_95,0.9447760000000001,0.9448306666666667,5.466666666664732e-05,0.001194902944993114,0.04574988026911454
Student-t8,35,asymptotic,coverage_99,0.9876026666666666,0.988108,0.0005053333333333576,0.0005545812856012916,0.9111979550219801
Student-t8,35,asymptotic,p_abs_gt_3,0.0037980000000000006,0.0034446666666666666,-0.00035333333333333397,0.0002798902207518416,-1.2623997093725152
Student-t8,35,corrected,mean,-0.0016629270138488368,0.0013790332009572213,0.003041960214806058,0.009572505395163354,0.3177809872369518
Student-t8,35,corrected,variance,0.9944589103911149,0.9984470041973198,0.0039880938062049065,0.009657709693404593,0.41294405535180256
Student-t8,35,corrected,skewness,0.013893436333209455,0.007688073682058295,-0.00620536265115116,0.015281222204490099,-0.40607764013325
Student-t8,35,corrected,excess_kurtosis,0.044131157904980116,0.012164783634815142,-0.03196637427016497,0.02595438786480662,-1.2316366094501665
Student-t8,35,corrected,coverage_95,0.9494113333333333,0.9498013333333333,0.00039000000000000146,0.0011401491212615351,0.34206051886307653
Student-t8,35,corrected,coverage_99,0.9892793333333333,0.9896853333333334,0.0004060000000001285,0.0005161617362917329,0.7865751594005385
Student-t8,35,corrected,p_abs_gt_3,0.0031433333333333335,0.002862,-0.0002813333333333335,0.000251373229650246,-1.119185737179624
Student-t8,35,oracle,mean,-0.0015204143204745567,0.001520414320474597,0.0030408286409491538,0.009568944534374447,0.31778098723695264
Student-t8,35,oracle,variance,0.993719193678619,0.9977043209875571,0.0039851273089380745,0.009650525918197796,0.4129440553517817
Student-t8,35,oracle,skewness,0.013893436333209488,0.007688073682058319,-0.006205362651151169,0.015281222204490099,-0.40607764013325065
Student-t8,35,oracle,excess_kurtosis,0.04413115790498003,0.012164783634815088,-0.031966374270164945,0.02595438786480663,-1.231636609450165
Student-t8,35,oracle,coverage_95,0.94949,0.9498833333333333,0.00039333333333335663,0.0011388443552553945,0.3453793589249065
Student-t8,35,oracle,coverage_99,0.9893026666666668,0.9897153333333334,0.0004126666666666168,0.0005155117278204908,0.8004990854646739
Student-t8,35,oracle,p_abs_gt_3,0.003128,0.002854,-0.00027399999999999994,0.0002507905535589129,-1.0925451382108575
Student-t8,55,asymptotic,mean,-0.0019857186661954383,0.0019136619426358698,0.0038993806088313083,0.012143335387089955,0.32111281493360455
Student-t8,55,asymptotic,variance,1.0205630964824242,1.024288453061853,0.0037253565794288512,0.012252408445238597,0.30405096239479024
Student-t8,55,asymptotic,skewness,0.013503783461588523,0.006797186815738553,-0.006706596645849969,0.018954108026924148,-0.35383340837370486
Student-t8,55,asymptotic,excess_kurtosis,0.02661567778886198,-0.0084746228763178,-0.03509030066517978,0.03193901317466392,-1.0986657750908742
Student-t8,55,asymptotic,coverage_95,0.9461973333333334,0.9467606666666666,0.0005633333333331381,0.001422585786681364,0.39599252193239826
Student-t8,55,asymptotic,coverage_99,0.988234,0.9888953333333333,0.0006613333333334026,0.0006437715696721385,1.027279495536294
Student-t8,55,asymptotic,p_abs_gt_3,0.003453333333333333,0.003113333333333334,-0.00033999999999999916,0.0003283197699576272,-1.0355757743247669
Student-t8,55,corrected,mean,-0.001960282976327875,0.0018891492498194623,0.0038494322261473377,0.01198778761583609,0.3211128149336051
Student-t8,55,corrected,variance,0.994585126753781,0.9982156560748239,0.003630529321042908,0.011940528957541614,0.30405096239474994
Student-t8,55,corrected,skewness,0.01350378346158857,0.006797186815738575,-0.006706596645849995,0.018954108026924148,-0.3538334083737062
Student-t8,55,corrected,excess_kurtosis,0.026615677788861935,-0.008474622876317759,-0.035090300665179694,0.031939013174663924,-1.0986657750908715
Student-t8,55,corrected,coverage_95,0.9491433333333333,0.949698,0.0005546666666667033,0.001382135833407232,0.4013112555654843
Student-t8,55,corrected,coverage_99,0.9892473333333335,0.9898946666666667,0.0006473333333332221,0.0006115023585424046,1.0585949903385905
Student-t8,55,corrected,p_abs_gt_3,0.003048,0.002740666666666667,-0.00030733333333333307,0.00030858408201414833,-0.9959468140007367
Student-t8,55,oracle,mean,-0.0019216757889062859,0.001921675788906281,0.003843351577812567,0.011968851441220885,0.32111281493360444
Student-t8,55,oracle,variance,0.9914454710946105,0.9950645397456497,0.0036190686510392256,0.011902835704036614,0.3040509623947753
Student-t8,55,oracle,skewness,0.01350378346158867,0.006797186815738698,-0.006706596645849972,0.018954108026924148,-0.353833408373705
Student-t8,55,oracle,excess_kurtosis,0.026615677788861883,-0.008474622876317714,-0.0350903006651796,0.03193901317466391,-1.0986657750908688
Student-t8,55,oracle,coverage_95,0.9494933333333334,0.950076,0.0005826666666666203,0.0013773804512923575,0.42302521871856136
Student-t8,55,oracle,coverage_99,0.98938,0.990004,0.0006239999999999579,0.0006093467079802061,1.0240475444075556
Student-t8,55,oracle,p_abs_gt_3,0.0029980000000000002,0.0027013333333333334,-0.00029666666666666687,0.00030625533817999433,-0.9686905979490488
Student-t8,89,asymptotic,mean,-0.002426281795196885,0.002534219919131044,0.004960501714327929,0.01533039440038153,0.3235730004574753
Student-t8,89,asymptotic,variance,1.0094339750829575,1.0123072656250207,0.0028732905420632004,0.015253014154337712,0.18837526229175386
Student-t8,89,asymptotic,skewness,0.010079890057487302,0.003177064676331923,-0.006902825381155379,0.02401978308672022,-0.2873808375468525
Student-t8,89,asymptotic,excess_kurtosis,0.0018040793248891088,-0.03134593132680747,-0.03315001065169658,0.04061076765499275,-0.8162862355452438
Student-t8,89,asymptotic,coverage_95,0.9472459999999999,0.9476473333333333,0.00040133333333336463,0.0017793428184296241,0.22555143909118378
Student-t8,89,asymptotic,coverage_99,0.9889186666666667,0.9894566666666668,0.0005380000000000384,0.0007745169254679061,0.6946265243655179
Student-t8,89,asymptotic,p_abs_gt_3,0.0031713333333333337,0.0028146666666666667,-0.000356666666666667,0.00037930207992608917,-0.9403235192809043
Student-t8,89,corrected,mean,-0.0024071230378781582,0.0025142088451828113,0.004921331883060969,0.015209340322286087,0.323573000457475
Student-t8,89,corrected,variance,0.9935552383962594,0.9963833311095711,0.0028280927133117473,0.015013079100224534,0.1883752622917607
Student-t8,89,corrected,skewness,0.010079890057487294,0.0031770646763319373,-0.006902825381155357,0.024019783086720217,-0.2873808375468516
Student-t8,89,corrected,excess_kurtosis,0.0018040793248892287,-0.031345931326807415,-0.03315001065169664,0.04061076765499275,-0.8162862355452454
Student-t8,89,corrected,coverage_95,0.9490826666666666,0.949512,0.00042933333333339263,0.001744918584203022,0.2460477739306601
Student-t8,89,corrected,coverage_99,0.9895426666666666,0.9900706666666667,0.000528000000000084,0.0007490992704302038,0.704846501448141
Student-t8,89,corrected,p_abs_gt_3,0.002961333333333333,0.0026273333333333335,-0.00033399999999999966,0.0003657927384262571,-0.9130853757156616
Student-t8,89,oracle,mean,-0.0024534390768239157,0.002453439076823966,0.004906878153647882,0.015164671176860942,0.3235730004574749
Student-t8,89,oracle,variance,0.987727754809211,0.9905392599557398,0.0028115051465287255,0.014925023128430923,0.18837526229175772
Student-t8,89,oracle,skewness,0.01007989005748734,0.0031770646763319634,-0.006902825381155378,0.02401978308672022,-0.28738083754685245
Student-t8,89,oracle,excess_kurtosis,0.0018040793248891459,-0.031345931326807415,-0.03315001065169656,0.040610767654992753,-0.8162862355452432
Student-t8,89,oracle,coverage_95,0.9497353333333334,0.9501973333333332,0.0004619999999998514,0.0017280743418597911,0.2673496092203053
Student-t8,89,oracle,coverage_99,0.9897593333333333,0.9903020000000001,0.0005426666666668023,0.0007397642551626655,0.7335670287928096
Student-t8,89,oracle,p_abs_gt_3,0.002886666666666667,0.002548,-0.00033866666666666724,0.00036092020144744665,-0.9383422299679179
Student-t8,144,asymptotic,mean,-0.002982921212092105,0.0032506790015774533,0.006233600213669558,0.01936589022886758,0.32188554928280555
Student-t8,144,asymptotic,variance,0.9993773561970039,1.0004826962647582,0.0011053400677543124,0.019233459589040394,0.0574696435988124
Student-t8,144,asymptotic,skewness,0.0059459505734162825,-0.0005011447051093189,-0.006447095278525602,0.029891278360306427,-0.2156848295617528
Student-t8,144,asymptotic,excess_kurtosis,-0.02945953696579334,-0.05747866145942582,-0.028019124493632478,0.04870931394724429,-0.5752313515230212
Student-t8,144,asymptotic,coverage_95,0.9484326666666667,0.9478859999999999,-0.0005466666666668063,0.002306360573951095,-0.23702567275952666
Student-t8,144,asymptotic,coverage_99,0.9894126666666666,0.989874,0.00046133333333342463,0.0009764632540703765,0.4724533477428481
Student-t8,144,asymptotic,p_abs_gt_3,0.0031813333333333333,0.0025413333333333334,-0.0006399999999999999,0.00047446997698940603,-1.348873545299769
Student-t8,144,corrected,mean,-0.002968385484459629,0.0032348384944946656,0.006203223978954295,0.019271520553736345,0.32188554928280527
Student-t8,144,corrected,variance,0.9896611874561995,0.990755781162184,0.0010945937059845257,0.01904646762081361,0.057469643598814873
Student-t8,144,corrected,skewness,0.005945950573416306,-0.0005011447051093421,-0.006447095278525648,0.029891278360306427,-0.21568482956175436
Student-t8,144,corrected,excess_kurtosis,-0.029459536965793218,-0.057478661459425893,-0.028019124493632676,0.048709313947244294,-0.5752313515230252
Student-t8,144,corrected,coverage_95,0.9496060000000001,0.9490279999999999,-0.0005780000000001895,0.002273425278790929,-0.2542419165443546
Student-t8,144,corrected,coverage_99,0.9897713333333332,0.9902806666666667,0.0005093333333334726,0.000955950107582574,0.5328032595984377
Student-t8,144,corrected,p_abs_gt_3,0.003021333333333333,0.002426,-0.0005953333333333327,0.00046258950264053375,-1.2869581560650993
Student-t8,144,oracle,mean,-0.003089591890116894,0.003089591890116894,0.006179183780233788,0.019196835005490798,0.32188554928280516
Student-t8,144,oracle,variance,0.9820053136141113,0.9830914397036756,0.0010861260895643765,0.018899126939891108,0.05746964359881877
Student-t8,144,oracle,skewness,0.005945950573416357,-0.0005011447051092704,-0.006447095278525628,0.029891278360306434,-0.21568482956175364
Student-t8,144,oracle,excess_kurtosis,-0.02945953696579315,-0.057478661459425755,-0.028019124493632606,0.04870931394724431,-0.5752313515230236
Student-t8,144,oracle,coverage_95,0.95049,0.9499333333333334,-0.0005566666666665387,0.0022527615416955897,-0.24710412370035026
Student-t8,144,oracle,coverage_99,0.9900506666666665,0.990568,0.0005173333333334806,0.0009419492046249454,0.5492157441116653
Student-t8,144,oracle,p_abs_gt_3,0.0029040000000000003,0.0023413333333333337,-0.0005626666666666666,0.0004536297070421106,-1.240365562333937
Student-t8,233,asymptotic,mean,-0.003662197873902496,0.004113461850561228,0.007775659724463724,0.02447314261800973,0.3177221595865516
Student-t8,233,asymptotic,variance,0.986699183823517,0.9851701444085954,-0.0015290394149215514,0.024585752737334852,-0.06219209276434391
Student-t8,233,asymptotic,skewness,0.0011882931830756044,-0.0066463955663030585,-0.007834688749378663,0.03587532373518045,-0.21838656585266503
Student-t8,233,asymptotic,excess_kurtosis,-0.06639942159882356,-0.08742202298190145,-0.02102260138307789,0.05353254280855614,-0.392706945721955
Student-t8,233,asymptotic,coverage_95,0.949138,0.9490813333333333,-5.6666666666704835e-05,0.0030424371663373938,-0.018625418889068598
Student-t8,233,asymptotic,coverage_99,0.9896199999999999,0.9900653333333335,0.00044533333333351965,0.001212897905289218,0.3671647311711112
Student-t8,233,asymptotic,p_abs_gt_3,0.003034666666666667,0.0024946666666666667,-0.0005400000000000001,0.0005972280452320503,-0.9041772306425856
Student-t8,233,corrected,mean,-0.0036511789857769984,0.004101085191106854,0.007752264176883853,0.024399507377678077,0.3177221595865506
Student-t8,233,corrected,variance,0.9807705191996848,0.9792506671460547,-0.001519852053630144,0.02443802718440666,-0.06219209276434255
Student-t8,233,corrected,skewness,0.0011882931830756172,-0.006646395566303034,-0.007834688749378652,0.03587532373518045,-0.21838656585266475
Student-t8,233,corrected,excess_kurtosis,-0.0663994215988235,-0.08742202298190145,-0.021022601383077946,0.05353254280855616,-0.3927069457219559
Student-t8,233,corrected,coverage_95,0.9498373333333333,0.9497653333333332,-7.2000000000072e-05,0.0030202750039384166,-0.023838888811841482
Student-t8,233,corrected,coverage_99,0.9898333333333333,0.9903173333333334,0.00048400000000003995,0.0011984487361165746,0.40385540525361335
Student-t8,233,corrected,p_abs_gt_3,0.002954,0.002428666666666667,-0.000525333333333333,0.0005878986983589636,-0.893577983417427
Student-t8,233,oracle,mean,-0.0038602572065827303,0.0038602572065827936,0.007720514413165524,0.02429957804394933,0.3177221595865512
Student-t8,233,oracle,variance,0.9727533862847094,0.971245957989427,-0.001507428295282387,0.024238262908990792,-0.06219209276433877
Student-t8,233,oracle,skewness,0.0011882931830756681,-0.00664639556630297,-0.007834688749378638,0.03587532373518045,-0.21838656585266436
Student-t8,233,oracle,excess_kurtosis,-0.0663994215988236,-0.08742202298190134,-0.021022601383077738,0.05353254280855617,-0.39270694572195197
Student-t8,233,oracle,coverage_95,0.9507906666666667,0.9506640000000001,-0.0001266666666666083,0.0029889086916885673,-0.042378901375889365
Student-t8,233,oracle,coverage_99,0.9901253333333333,0.9906099999999999,0.00048466666666657776,0.0011802381660728364,0.41065157914632916
Student-t8,233,oracle,p_abs_gt_3,0.002834,0.002334,-0.0005,0.0005752834968555816,-0.8691366999625914
Student-t8,377,asymptotic,mean,-0.004535486806254575,0.0051435644565157946,0.009679051262770369,0.030931462994233248,0.3129192843085016
Student-t8,377,asymptotic,variance,0.9671536874742038,0.9648994044028972,-0.0022542830713065953,0.03138299075433551,-0.0718313652434534
Student-t8,377,asymptotic,skewness,-0.00839568002972259,-0.020987789645513576,-0.012592109615790987,0.04106230763517246,-0.3066585961916336
Student-t8,377,asymptotic,excess_kurtosis,-0.12755923467941843,-0.13492321948563019,-0.007363984806211754,0.05740114820651237,-0.12828985196808804
Student-t8,377,asymptotic,coverage_95,0.9490553333333334,0.9489733333333333,-8.20000000000265e-05,0.004053022489812261,-0.020231814702766377
Student-t8,377,asymptotic,coverage_99,0.9892966666666666,0.9903999999999998,0.001103333333333234,0.0015936327326425334,0.69233852363443
Student-t8,377,asymptotic,p_abs_gt_3,0.0028706666666666668,0.0026086666666666667,-0.0002620000000000001,0.0007772499819896582,-0.3370858875149979
Student-t8,377,corrected,mean,-0.004527057645207475,0.005134005188677026,0.009661062833884501,0.030873977151116793,0.3129192843085017
Student-t8,377,corrected,variance,0.963562135319127,0.9613162235907909,-0.002245911728336103,0.03126644914410721,-0.07183136524344948
Student-t8,377,corrected,skewness,-0.00839568002972259,-0.02098778964551361,-0.012592109615791021,0.04106230763517246,-0.3066585961916345
Student-t8,377,corrected,excess_kurtosis,-0.12755923467941857,-0.1349232194856301,-0.007363984806211532,0.057401148206512376,-0.12828985196808415
Student-t8,377,corrected,coverage_95,0.949484,0.9494246666666667,-5.933333333330015e-05,0.004033434003673335,-0.014710376636698162
Student-t8,377,corrected,coverage_99,0.9894393333333333,0.9905426666666667,0.001103333333333345,0.0015808316990808078,0.6979448438280246
Student-t8,377,corrected,p_abs_gt_3,0.0028166666666666665,0.0025546666666666665,-0.0002620000000000001,0.000767762045860778,-0.3412515653938822
Student-t8,377,oracle,mean,-0.004812092231780419,0.00481209223178039,0.009624184463560809,0.030756124490149625,0.3129192843085019
Student-t8,377,oracle,variance,0.9562199245852837,0.9539911263949278,-0.0022287981903559295,0.031028203108796778,-0.07183136524344992
Student-t8,377,oracle,skewness,-0.00839568002972266,-0.020987789645513674,-0.012592109615791014,0.04106230763517246,-0.3066585961916343
Student-t8,377,oracle,excess_kurtosis,-0.12755923467941846,-0.13492321948563002,-0.00736398480621156,0.05740114820651237,-0.12828985196808465
Student-t8,377,oracle,coverage_95,0.9503813333333332,0.9503026666666669,-7.866666666633826e-05,0.00399321382476476,-0.019700088730152714
Student-t8,377,oracle,coverage_99,0.9897506666666667,0.990822,0.001071333333333313,0.0015527069635381569,0.6899777990897029
Student-t8,377,oracle,p_abs_gt_3,0.002728666666666666,0.002458,-0.000270666666666666,0.0007526934901129938,-0.35959745928722425
