law,n,normalizer,observations,mean,variance,skewness,excess_kurtosis,ks_to_standard_normal,wasserstein_quantile_grid,qq_intercept,qq_slope,qq_r_squared,qq_max_abs_error_0_5pct_99_5pct,coverage_95,coverage_99,p_abs_gt_2,p_abs_gt_3,C,K,A,B,g_corrected,g_empirical,L_mean,L_variance,correction_status,mcse_mean,mcse_variance,mcse_skewness,mcse_excess_kurtosis,mcse_coverage_95,mcse_coverage_99,mcse_p_abs_gt_3,quantile_rmse_vs_n377,quantile_max_abs_vs_n377
Gaussian,2,asymptotic,3000000,-0.0002375469105365,2.743984676071103,0.0037162599359439,0.6664936189503106,0.1087076140858257,0.4808491798038924,-0.0003257682704801,1.6360439716549202,0.9987352531656496,2.03874686600974,0.780638,0.886648,0.2104603333333333,0.0697886666666666,1.772453850905516,1.5936574836539077,0.2827440075579328,0.9716200625007332,0.790619535750242,0.7288670441351168,-0.000297720901251,4.31024104995397,proved light-tail expansion,0.002233128572312161,0.005165148778085841,0.004707325011636622,0.015898774078695718,0.00034735211801829754,0.0002883924028307112,0.00024253817341064675,0.5781963838544035,1.7048422417824165
Gaussian,2,corrected,3000000,-0.0001493544473925,1.0847239453505566,0.0037162599359437,0.6664936189503097,0.005559212268825,0.0157659347573847,-0.0002048224491984,1.0286407966518931,0.9987352531656496,0.3255238321276006,0.939099,0.9811863333333334,0.0564806666666666,0.0081856666666666,1.772453850905516,1.5936574836539077,0.2827440075579328,0.9716200625007332,0.790619535750242,0.7288670441351168,-0.000297720901251,4.31024104995397,proved light-tail expansion,0.001404049764827343,0.0020418337645055806,0.004707325011636625,0.015898774078695724,0.000231127402293086,0.00013674030919312498,8.917140060177444e-05,0.031733672770178516,0.20924344617834345
Gaussian,2,oracle,3000000,-7.579122514774402e-18,1.0000000000000002,0.0037162599359438,0.6664936189503097,0.0113337004197252,0.0275776571236718,-5.325776136287576e-05,0.9876524174780552,0.9987352531656496,0.2100566519925344,0.94772,0.98468,0.0483026666666666,0.0064143333333333,1.772453850905516,1.5936574836539077,0.2827440075579328,0.9716200625007332,0.790619535750242,0.7288670441351168,-0.000297720901251,4.31024104995397,proved light-tail expansion,0.0013481024172916456,0.001882353361200767,0.004707325011636623,0.015898774078695718,0.00021927273095625048,0.00012026962147571926,7.884072426234163e-05,0.031460809533458416,0.1354959996976084
Gaussian,3,asymptotic,3000000,-0.000587018591121,1.8737795318411388,0.0029006867683184,0.4970329254731509,0.0658700970823449,0.2643926730447564,-0.000672139293776,1.3564707695877676,0.9990718016931612,1.1743349163203631,0.8543806666666667,0.9381736666666668,0.1381733333333333,0.032743,1.772453850905516,1.5936574836539077,0.2827440075579328,0.9716200625007332,1.6085483035877068,1.601042144511131,-0.0006007118023552,1.962217337226348,proved light-tail expansion,0.0022134991489327132,0.003555840857472446,0.004121433636868697,0.01265055848744214,0.00033064434071451823,0.000251089631224924,0.00018825364883628284,0.3201420045289349,0.9772288636817117
Gaussian,3,corrected,3000000,-0.0004298414394137,1.0046882957468104,0.0029006867683185,0.4970329254731496,0.0097729464489128,0.0237240202899849,-0.0004921706499473,0.9932689644610936,0.9990718016931612,0.1702097669137794,0.9467616666666666,0.9854916666666668,0.049082,0.005631,1.772453850905516,1.5936574836539077,0.2827440075579328,0.9716200625007332,1.6085483035877068,1.601042144511131,-0.0006007118023552,1.962217337226348,proved light-tail expansion,0.0016208237263852466,0.001906580593038387,0.004121433636868698,0.012650558487442133,0.0002375471209493404,0.0001262528534860885,7.743962350088044e-05,0.03205814694944589,0.09480358837818814
Gaussian,3,oracle,3000000,-2.1221543041368325e-17,1.0000000000000002,0.0029006867683184,0.4970329254731509,0.0101629219342821,0.0247582904598236,-6.218361339957257e-05,0.9909487503378764,0.9990718016931612,0.1642240289015277,0.9472713333333334,0.9856866666666668,0.0486216666666666,0.0055566666666666,1.772453850905516,1.5936574836539077,0.2827440075579328,0.9716200625007332,1.6085483035877068,1.601042144511131,-0.0006007118023552,1.962217337226348,proved light-tail expansion,0.0016170375836225494,0.001897683690662662,0.004121433636868697,0.012650558487442135,0.00023789031550398935,0.00012524251285941901,7.724685240899561e-05,0.02789721613002675,0.11636051519974178
Gaussian,5,asymptotic,3000000,-0.0009920661653282,1.4289949624798524,8.653519976005713e-05,0.3207296051033994,0.037057628390694,0.1381565063623717,-0.0010465957473623,1.1884119143387817,0.9995332486067032,0.6401558428276495,0.8999603333333334,0.9655616666666668,0.0936546666666666,0.015272,1.772453850905516,1.5936574836539077,0.2827440075579328,0.9716200625007332,3.501756120357709,3.498962649471549,-0.0007863765828153,0.897864015228705,proved light-tail expansion,0.0024930436131769284,0.0028775584473486387,0.0038878368808936345,0.010288978970768203,0.00034221726375758567,0.0002149945235175195,0.00013637234728113633,0.1652169269967465,0.52469023347733
Gaussian,5,corrected,3000000,-0.0008302303093386,1.0007983711648312,8.653519975996842e-05,0.3207296051034003,0.0074095049630595,0.0174547624812256,-0.0008758644750248,0.9945461560386474,0.9995332486067032,0.1155318538203125,0.9475136666666668,0.9868616666666666,0.0482,0.004648,1.772453850905516,1.5936574836539077,0.2827440075579328,0.9716200625007332,3.501756120357709,3.498962649471549,-0.0007863765828153,0.897864015228705,proved light-tail expansion,0.002086353151130557,0.0020153015809380235,0.003887836880893634,0.0102889789707682,0.0002559168974609719,0.0001258862312677754,7.330826161927786e-05,0.02573779858328013,0.06282517267605758
Gaussian,5,oracle,3000000,-1.8189894035458564e-18,1.0,8.653519975982625e-05,0.3207296051034016,0.0072460992742032,0.0176356537483416,-4.561596008564734e-05,0.9941493851141592,0.9995332486067032,0.1136282450289263,0.9476056666666668,0.9868903333333332,0.0481176666666666,0.0046376666666666,1.772453850905516,1.5936574836539077,0.2827440075579328,0.9716200625007332,3.501756120357709,3.498962649471549,-0.0007863765828153,0.897864015228705,proved light-tail expansion,0.0020855208073890844,0.002013693905788846,0.003887836880893635,0.010288978970768203,0.00025647360092171246,0.000125661000423128,7.310591024572715e-05,0.020501576409353673,0.08869435824826377
Gaussian,8,asymptotic,3000000,-0.0013459080765374,1.2410122110559274,-0.0033003531706794,0.1978400538601303,0.0225798417406959,0.0805834879913671,-0.0013624033954055,1.10993712373162,0.9998017797200816,0.3828226388978009,0.9213063333333332,0.9769006666666666,0.0731976666666666,0.00896,1.772453850905516,1.5936574836539077,0.2827440075579328,0.9716200625007332,6.456867080767408,6.44635075201486,-0.0008434228099257,0.4873443556585657,proved light-tail expansion,0.00295649116641168,0.002836165099689864,0.004095170720367107,0.00899788579862717,0.0003575570389007627,0.00019220087780428505,0.00011030986025966178,0.09303158290462378,0.31175371968148013
Gaussian,8,corrected,3000000,-0.001209153198084,1.001631361549674,-0.0033003531706792,0.1978400538601294,0.0046763454110683,0.0109047574739796,-0.0012239724624235,0.9971587556596552,0.9998017797200816,0.0822002607217471,0.948297,0.9878593333333332,0.047404,0.00399,1.772453850905516,1.5936574836539077,0.2827440075579328,0.9716200625007332,6.456867080767408,6.44635075201486,-0.0008434228099257,0.4873443556585657,proved light-tail expansion,0.0026560883401271604,0.002289092633476112,0.0040951707203671075,0.008997885798627167,0.0002973087811414328,0.0001324127996287608,7.341355282384783e-05,0.019565532641851034,0.04757441767099024
Gaussian,8,oracle,3000000,-2.7284841053187848e-18,1.0000000000000002,-0.0033003531706793,0.1978400538601299,0.0046326221425622,0.0112873947117784,-1.4807191319984976e-05,0.9963463862493538,0.9998017797200816,0.0788266381065625,0.948475,0.9879126666666668,0.0472383333333333,0.0039663333333333,1.772453850905516,1.5936574836539077,0.2827440075579328,0.9716200625007332,6.456867080767408,6.44635075201486,-0.0008434228099257,0.4873443556585657,proved light-tail expansion,0.0026539244671166377,0.0022853643779030056,0.004095170720367108,0.008997885798627174,0.00029800721789869495,0.00013202167220329966,7.309913021958471e-05,0.014226917348630871,0.07208216892537411
Gaussian,13,asymptotic,3000000,-0.0017774212897453,1.1387609737311122,-0.0066221586315694,0.1122767332553609,0.0140029182219196,0.0477335249707453,-0.0017447291811628,1.06490623012164,0.9999263251300629,0.2332757152259863,0.9331723333333334,0.982762,0.061624,0.0059673333333333,1.772453850905516,1.5936574836539077,0.2827440075579328,0.9716200625007332,11.433841286528068,11.415916333526896,-0.0008737629752014,0.2751940853283401,proved light-tail expansion,0.003629595944927315,0.0031991673556190014,0.004624243374449648,0.008481037922093095,0.0004175477476676358,0.00019318983059603417,0.00010372899536459638,0.051965813090498844,0.1855605489238772
Gaussian,13,corrected,3000000,-0.0016669200921585,1.0015701720718226,-0.0066221586315693,0.1122767332553609,0.0028244427133008,0.0063696576044224,-0.0016362604320286,0.9987016592497462,0.9999263251300629,0.0586353693987002,0.9488666666666666,0.988645,0.0467273333333333,0.0034886666666666,1.772453850905516,1.5936574836539077,0.2827440075579328,0.9716200625007332,11.433841286528068,11.415916333526896,-0.0008737629752014,0.2751940853283401,proved light-tail expansion,0.0034039461786142472,0.0028137516763991816,0.004624243374449649,0.008481037922093093,0.0003568990614745895,0.00015524409086561534,7.596084536843094e-05,0.015610816021279316,0.03368447589213863
Gaussian,13,oracle,3000000,-2.91038304567337e-17,0.9999999999999996,-0.0066221586315698,0.1122767332553613,0.0028888410731525,0.0067034564655736,3.063561796791544e-05,0.997918514656274,0.9999263251300629,0.0549039075019321,0.9490333333333332,0.9887053333333332,0.046561,0.003461,1.772453850905516,1.5936574836539077,0.2827440075579328,0.9716200625007332,11.433841286528068,11.415916333526896,-0.0008737629752014,0.2751940853283401,proved light-tail expansion,0.003401276930975014,0.0028093405283613074,0.0046242433744496485,0.008481037922093093,0.0003557449393827704,0.00015465556318090967,7.571035326573928e-05,0.010080576627193024,0.057818300185109806
Gaussian,21,asymptotic,3000000,-0.0022521262335291,1.0822663564245514,-0.0084414221761347,0.0603005845487913,0.0090756061939342,0.0289324600498212,-0.0021819340297556,1.0391283936964923,0.99997352069108,0.1462715846824966,0.9400433333333332,0.9858866666666668,0.055025,0.0044523333333333,1.772453850905516,1.5936574836539077,0.2827440075579328,0.9716200625007332,19.42200973680237,19.40372614868767,-0.0008710799517699,0.1619066683128934,proved light-tail expansion,0.0045117602706855825,0.0038524524022547093,0.005470394458514998,0.009236550737233389,0.0004993775648723586,0.0002199356825968636,0.00010975720997968524,0.02891234238548038,0.10859237552424839
Gaussian,21,corrected,3000000,-0.0021658589286415,1.0009422720138696,-0.0084414221761346,0.0603005845487909,0.001983696748281,0.0037570240694969,-0.0020983554250631,0.999324760746518,0.99997352069108,0.0420019821336423,0.9493233333333332,0.989161,0.0462703333333333,0.0031323333333333,1.772453850905516,1.5936574836539077,0.2827440075579328,0.9716200625007332,19.42200973680237,19.40372614868767,-0.0008710799517699,0.1619066683128934,proved light-tail expansion,0.004338938075794141,0.003562969907959936,0.005470394458514996,0.009236550737233394,0.00045505955858716714,0.00018858279668142744,8.966557672057283e-05,0.013484045084714503,0.02469560887141975
Gaussian,21,oracle,3000000,6.669627813001474e-18,1.0,-0.0084414221761347,0.0603005845487913,0.00186599063551,0.0039212207068757,6.74717227051349e-05,0.9988542753369384,0.99997352069108,0.0386046592525715,0.9494186666666666,0.9892013333333334,0.0461706666666666,0.00312,1.772453850905516,1.5936574836539077,0.2827440075579328,0.9716200625007332,19.42200973680237,19.40372614868767,-0.0008710799517699,0.1619066683128934,proved light-tail expansion,0.004336895289366826,0.0035596157816287725,0.005470394458514997,0.009236550737233389,0.0004548391785030594,0.00018817419182469642,8.940587297355834e-05,0.007874707714335386,0.044243733406224006
Gaussian,35,asymptotic,3000000,-0.0027986624207171,1.0476915179130994,-0.0074925467781384,0.0308435663951258,0.0059041596037993,0.0171450702307526,-0.0027495410091273,1.0229216745918257,0.9999897124558288,0.0891828925116557,0.944294,0.9876836666666666,0.050936,0.003692,1.772453850905516,1.5936574836539077,0.2827440075579328,0.9716200625007332,33.41521407579673,33.40677995534088,-0.0008384775335781,0.094040570740118,proved light-tail expansion,0.005743033121302358,0.004841648569907801,0.006741187722514824,0.012058928886879528,0.0006216259768931329,0.0002688970675297886,0.0001299671055174324,0.015336013610334232,0.06533692267355029
Gaussian,35,corrected,3000000,-0.0027345673115492,1.000252467327504,-0.0074925467781385,0.0308435663951263,0.001718094588934,0.0027023421641525,-0.0026865708810271,0.9994946703494162,0.9999897124558288,0.0281486475895333,0.9497356666666666,0.9895383333333332,0.045808,0.002963,1.772453850905516,1.5936574836539077,0.2827440075579328,0.9716200625007332,33.41521407579673,33.40677995534088,-0.0008384775335781,0.094040570740118,proved light-tail expansion,0.005611505884526641,0.0046224206698069785,0.006741187722514824,0.012058928886879537,0.0005906970468552098,0.00024369643114466357,0.00011468147708647843,0.012239276451246298,0.026805364191221592
Gaussian,35,oracle,3000000,2.3040532444914185e-17,1.0,-0.0074925467781384,0.0308435663951263,0.0010794277960117,0.0023302927790565,4.799037290383257e-05,0.99936852436058,0.9999897124558288,0.0250857779582323,0.9497743333333334,0.9895513333333332,0.045759,0.0029613333333333,1.772453850905516,1.5936574836539077,0.2827440075579328,0.9716200625007332,33.41521407579673,33.40677995534088,-0.0008384775335781,0.094040570740118,proved light-tail expansion,0.0056107976576799555,0.004621253954171446,0.006741187722514823,0.012058928886879532,0.0005912519560297576,0.00024373016961144763,0.00011454691583742029,0.006763965146263912,0.03988748947936971
Gaussian,55,asymptotic,3000000,-0.0033962852944805,1.0303173575286668,-0.0054362179383964,0.0163598612591444,0.0045177310742803,0.0111852163299962,-0.0033886984646917,1.0147155980207936,0.9999952062034776,0.0579219291110848,0.946397,0.9885946666666666,0.0489403333333333,0.003261,1.772453850905516,1.5936574836539077,0.2827440075579328,0.9716200625007332,53.41180451319839,53.38161062521915,-0.0008117041310922,0.0588515898414201,proved light-tail expansion,0.007145274346450866,0.005997759660876815,0.008232730974113311,0.015758835559826163,0.0007665902985714567,0.00032577711271198495,0.00015555809002339852,0.009666051730292306,0.04005925252207376
Gaussian,55,corrected,3000000,-0.0033468900494036,1.000565623397751,-0.0054362179383964,0.016359861259144,0.0013104987126781,0.003339413561734,-0.003339413561734,0.9999576724339662,0.9999952062034776,0.0196169057315067,0.9497736666666666,0.989756,0.045732,0.0028173333333333,1.772453850905516,1.5936574836539077,0.2827440075579328,0.9716200625007332,53.41180451319839,53.38161062521915,-0.0008117041310922,0.0588515898414201,proved light-tail expansion,0.007041354166936461,0.005824566664070902,0.008232730974113311,0.01575883555982617,0.000742628189399324,0.00030589603453486135,0.00014266040337901386,0.011157338794352767,0.026424822159068384
Gaussian,55,oracle,3000000,4.8506384094556176e-18,1.0,-0.0054362179383963,0.0163598612591435,0.0010243888581255,0.0014360977278828,7.474374127986615e-06,0.9996749926179098,0.9999952062034776,0.0155372505071755,0.9498253333333332,0.9897786666666668,0.0456723333333333,0.0028096666666666,1.772453850905516,1.5936574836539077,0.2827440075579328,0.9716200625007332,53.41180451319839,53.38161062521915,-0.0008117041310922,0.0588515898414201,proved light-tail expansion,0.0070393636339813465,0.005821274015283142,0.008232730974113311,0.01575883555982616,0.0007422328027308393,0.00030571641225762977,0.00014283770594108113,0.006160777025323327,0.034077833828850324
Gaussian,89,asymptotic,3000000,-0.0042386011939865,1.020741210651798,-0.0029904981291424,0.0077120555198044,0.0039987783298754,0.0082915710279047,-0.0043078936031379,1.0101881584580066,0.9999959017201387,0.0344682046429598,0.9475406666666668,0.9890353333333334,0.0478403333333333,0.0029866666666666,1.772453850905516,1.5936574836539077,0.2827440075579328,0.9716200625007332,87.40964207912037,87.1915418631611,-0.0007963472582328,0.0360309335797757,proved light-tail expansion,0.009040177766666229,0.007569167522101233,0.010641162132817525,0.019989227208716417,0.000944421119377985,0.00041231309937219286,0.00018890958651958194,0.007743039558330196,0.022139991786505053
Gaussian,89,corrected,3000000,-0.0042005603026808,1.0025013918930523,-0.0029904981291425,0.0077120555198066,0.0019207884355987,0.0043273171444074,-0.0042692308215234,1.001121851868762,0.9999959017201387,0.0129659224908107,0.949628,0.9897426666666668,0.0458813333333333,0.002739,1.772453850905516,1.5936574836539077,0.2827440075579328,0.9716200625007332,87.40964207912037,87.1915418631611,-0.0007963472582328,0.0360309335797757,proved light-tail expansion,0.00895904335366839,0.007433912628581703,0.010641162132817529,0.019989227208716417,0.0009227837541339466,0.0003969145807469658,0.000178378057056053,0.00980662553844426,0.024409744793998378
Gaussian,89,oracle,3000000,2.425319204727809e-17,1.0,-0.0029904981291424,0.0077120555198058,0.0009392168016783,0.0013711388532301,-6.858479369373458e-05,0.9998720969336792,0.9999959017201387,0.0076354295349556,0.949932,0.9898363333333332,0.0455843333333333,0.0027066666666666,1.772453850905516,1.5936574836539077,0.2827440075579328,0.9716200625007332,87.40964207912037,87.1915418631611,-0.0007963472582328,0.0360309335797757,proved light-tail expansion,0.008947859291884134,0.007415363897444601,0.01064116213281753,0.01998922720871641,0.0009202580865707075,0.0003950396619287736,0.00017726521805884452,0.0060377040198467905,0.026450954251802106
Gaussian,144,asymptotic,3000000,-0.005347893326703,1.0169380914694557,0.0006823155367876,0.0104265046329303,0.0041342320626771,0.0076447759227504,-0.0055389952130115,1.0080914778418195,0.9999915252443532,0.0355436677253671,0.9484403333333332,0.9892673333333334,0.047109,0.002997,1.772453850905516,1.5936574836539077,0.2827440075579328,0.9716200625007332,142.40835287307596,141.60154016054491,-0.0007899078434288,0.0221861474813615,proved light-tail expansion,0.011438759371038016,0.009609912312584633,0.014037961454414858,0.024496431810903746,0.0012042347730397184,0.000538805554209714,0.00025135785174429685,0.007051668405170185,0.017874953494904533
Gaussian,144,corrected,3000000,-0.0053182557890732,1.005697767917046,0.0006823155367877,0.0104265046329294,0.002924472263802,0.0056827408971044,-0.0055082986061369,1.0025047267075686,0.9999915252443532,0.0210716766115708,0.9496986666666668,0.9896693333333332,0.0459283333333333,0.0028433333333333,1.772453850905516,1.5936574836539077,0.2827440075579328,0.9716200625007332,142.40835287307596,141.60154016054491,-0.0007899078434288,0.0221861474813615,proved light-tail expansion,0.01137536680866124,0.009503692942290766,0.014037961454414863,0.024496431810903753,0.0011896587413557863,0.0005282003603839325,0.00024230215897098637,0.008339454293481707,0.024438641950645934
Gaussian,144,oracle,3000000,-7.275957614183427e-18,1.0,0.0006823155367874,0.0104265046329294,0.0009350102549278,0.0018055156856304,-0.000189503709821,0.9996608541138904,0.9999915252443532,0.0190080420506957,0.9503203333333332,0.9898796666666668,0.0453033333333333,0.0027693333333333,1.772453850905516,1.5936574836539077,0.2827440075579328,0.9716200625007332,142.40835287307596,141.60154016054491,-0.0007899078434288,0.0221861474813615,proved light-tail expansion,0.011343097540448979,0.009449849890762276,0.01403796145441486,0.024496431810903746,0.0011841481674561753,0.0005224434197287953,0.00023831916749660927,0.005920586539176636,0.024299506402372995
Gaussian,233,asymptotic,3000000,-0.0067774603003104,1.0168099290954875,0.0076268272109047,0.0245651061025271,0.005623272799853,0.0084336502581756,-0.0070019532276887,1.0076307067113972,0.9999840413273992,0.0477291691415637,0.948736,0.9890923333333334,0.0467073333333333,0.00315,1.772453850905516,1.5936574836539077,0.2827440075579328,0.9716200625007332,231.40757390712184,229.14803773333256,-0.0007869804759596,0.0137098824177834,proved light-tail expansion,0.014430836685692873,0.012230780593536088,0.0175921676858465,0.030070513422748323,0.0015431645733762702,0.000699198533534005,0.0003484685317593643,0.005018453751415836,0.016592791945600815
Gaussian,233,corrected,3000000,-0.0067542604971314,1.0098605957796536,0.0076268272109047,0.0245651061025276,0.0049469691527911,0.0074324599115321,-0.0069779849667838,1.004181504054806,0.9999840413273992,0.0387485130406193,0.9495453333333334,0.9893496666666668,0.0459803333333333,0.0030586666666666,1.772453850905516,1.5936574836539077,0.2827440075579328,0.9716200625007332,231.40757390712184,229.14803773333256,-0.0007869804759596,0.0137098824177834,proved light-tail expansion,0.014381438746644767,0.012147189974851907,0.017592167685846507,0.030070513422748323,0.0015316582002360066,0.0006897359077610167,0.00034158765612638485,0.0056375403217918335,0.01917052743065506
Gaussian,233,oracle,3000000,-2.425319204727809e-17,1.0,0.0076268272109048,0.0245651061025276,0.0017116558610097,0.0028756674586567,-0.0002226295323014,0.9992669060332772,0.9999840413273992,0.0326736252335848,0.9506713333333332,0.9897146666666666,0.0449293333333333,0.002917,1.772453850905516,1.5936574836539077,0.2827440075579328,0.9716200625007332,231.40757390712184,229.14803773333256,-0.0007869804759596,0.0137098824177834,proved light-tail expansion,0.014311054070044377,0.012028580999809949,0.0175921676858465,0.030070513422748312,0.0015116146393566695,0.0006774059682646786,0.00033189562111585826,0.004104009847263368,0.016879899646312868
Gaussian,377,asymptotic,3000000,-0.0086091487343563,1.0209282804295017,0.0193492775316513,0.033498969077403,0.0073015796719746,0.0120725615511962,-0.0088112657170796,1.0095554248195446,0.9999645811504684,0.0519695792967258,0.9477703333333334,0.9892186666666668,0.0476606666666666,0.0031653333333333,1.772453850905516,1.5936574836539077,0.2827440075579328,0.9716200625007332,375.4070993366355,369.2717767024705,-0.0007858949030225,0.0085075352404227,proved light-tail expansion,0.018102848489518035,0.015454172243345828,0.02054535160392638,0.036198758476286966,0.0020756998238137827,0.0008335291134767761,0.00041823986426511314,0.0,0.0
Gaussian,377,corrected,3000000,-0.0085909417913781,1.016614653545831,0.0193492775316513,0.0334989690774034,0.0068489923403407,0.0109411596646621,-0.0087926313297057,1.0074203800410055,0.9999645811504684,0.0464122139991518,0.94825,0.989362,0.047183,0.0031073333333333,1.772453850905516,1.5936574836539077,0.2827440075579328,0.9716200625007332,375.4070993366355,369.2717767024705,-0.0007858949030225,0.0085075352404227,proved light-tail expansion,0.018064563922674044,0.015388875263987273,0.02054535160392638,0.03619875847628698,0.002064154554395772,0.0008262079780761311,0.00041335033180156674,0.0,0.0
Gaussian,377,oracle,3000000,9.701276818911237e-18,1.0000000000000002,0.0193492775316516,0.0334989690774034,0.0023643492324294,0.0042413327126345,-0.0002000346308939,0.9991542721929516,0.9999645811504684,0.0334165914625623,0.9501486666666666,0.9899443333333332,0.045388,0.0028973333333333,1.772453850905516,1.5936574836539077,0.2827440075579328,0.9716200625007332,375.4070993366355,369.2717767024705,-0.0007858949030225,0.0085075352404227,proved light-tail expansion,0.017916340165669235,0.015137373055083073,0.02054535160392638,0.03619875847628698,0.0020235722213933663,0.0008004613151457061,0.0003982512442158696,0.0,0.0
Laplace,2,asymptotic,3000000,-8.302197040785661e-05,2.367578835740575,0.0036767841245224,0.5355152987749485,0.0944806092885287,0.39719183529739,-0.0001214793795384,1.523061266747501,0.9992265008668332,1.6496324537010767,0.809714,0.9090533333333334,0.1817846666666666,0.0526273333333333,2.0,1.3333333333333333,0.2777777777777778,0.1851851851851851,0.8518518518518519,0.8447448379789236,-0.0001174107965257,4.735157671481148,proved light-tail expansion,0.001931985503397408,0.004021914291003645,0.004312736777484595,0.016817397375479586,0.0003126740492622064,0.00024385952335730798,0.0001973570513080011,0.47352434510352803,1.400433965523308
Laplace,2,corrected,3000000,-5.418262912137925e-05,1.0084132078154298,0.0036767841245223,0.5355152987749499,0.0076711716210017,0.0196015499110729,-7.928108830821663e-05,0.9939954850494522,0.9992265008668332,0.1818338323043913,0.947597,0.985302,0.0482546666666666,0.005886,2.0,1.3333333333333333,0.2777777777777778,0.1851851851851851,0.8518518518518519,0.8447448379789236,-0.0001174107965257,4.735157671481148,proved light-tail expansion,0.0012608717124420075,0.0017130375683904397,0.004312736777484597,0.016817397375479583,0.00019731024197474598,0.00011238095893073677,7.348084481668553e-05,0.029108169091716637,0.11330927541842817
Laplace,2,oracle,3000000,5.911715561524033e-18,1.0,0.0036767841245226,0.5355152987749485,0.008683828506093,0.0216822741409436,-2.4993541469058748e-05,0.989840340026788,0.9992265008668332,0.170252167620486,0.94846,0.9856526666666666,0.0474313333333333,0.005729,2.0,1.3333333333333333,0.2777777777777778,0.1851851851851851,0.8518518518518519,0.8447448379789236,-0.0001174107965257,4.735157671481148,proved light-tail expansion,0.0012556009593058294,0.0016987456680594953,0.004312736777484595,0.01681739737547958,0.00019712056356302997,0.00010901634335315025,7.295925133950417e-05,0.025924542174964062,0.1224300791469557
Laplace,3,asymptotic,3000000,7.198501308958247e-05,1.6910899587032366,0.0046544067927964,0.3544671980474536,0.056849961813466,0.2193556240384616,4.87814597514749e-06,1.2917673162567205,0.9995684168368482,0.9301552575826264,0.8722756666666667,0.950529,0.1206196666666666,0.0243503333333333,2.0,1.3333333333333333,0.2777777777777778,0.1851851851851851,1.779835390946502,1.7740037923827916,8.312113336977791e-05,2.254786611604316,proved light-tail expansion,0.001931612360440733,0.0029530913001822932,0.0037724291225647434,0.013091500482506487,0.0002997760876623543,0.00019819582838050525,0.00015248819178194134,0.2600231973635676,0.7947876787180563
Laplace,3,corrected,3000000,5.544614797801008e-05,1.0032872525914265,0.0046544067927966,0.3544671980474554,0.0065246257931176,0.0159856184090053,3.75737104140586e-06,0.9949782419459176,0.9995684168368482,0.1246402864642544,0.9479543333333332,0.986726,0.047776,0.0048236666666666,2.0,1.3333333333333333,0.2777777777777778,0.1851851851851851,1.779835390946502,1.7740037923827916,8.312113336977791e-05,2.254786611604316,proved light-tail expansion,0.0014878161463951862,0.001752005469586889,0.0037724291225647434,0.01309150048250649,0.00020120467758080426,0.00011411726616205028,7.146416457160465e-05,0.025001382848100353,0.08400683829541977
Laplace,3,oracle,3000000,1.2732925824820997e-17,1.0,0.0046544067927965,0.3544671980474549,0.0068798291033085,0.0167579739288636,-5.160402878791265e-05,0.9933468904421672,0.9995684168368482,0.1201572815128506,0.9483053333333332,0.986852,0.0474263333333333,0.004764,2.0,1.3333333333333333,0.2777777777777778,0.1851851851851851,1.779835390946502,1.7740037923827916,8.312113336977791e-05,2.254786611604316,proved light-tail expansion,0.0014853767452048855,0.0017462650552586695,0.0037724291225647434,0.013091500482506475,0.00020153128740275258,0.00011369608305443019,7.07956279893637e-05,0.020759849138914883,0.09944842789932773
Laplace,5,asymptotic,3000000,0.0001757766574122,1.346608785091776,0.0053943569719943,0.2121458422687667,0.0319587142673298,0.1165295069969267,6.172879737083802e-05,1.1557998530164282,0.9998129223276186,0.50527726878859,0.9094396666666666,0.9712973333333332,0.084461,0.011762,2.0,1.3333333333333333,0.2777777777777778,0.1851851851851851,3.72962962962963,3.713030878273406,0.0001572194219325,1.0772870280734206,proved light-tail expansion,0.0021718379090463077,0.002656289119390942,0.0035743647422086227,0.009414227521926362,0.00031207588369563266,0.0001843180850766653,0.00012322091003623151,0.1345552377142527,0.4318486663684067
Laplace,5,corrected,3000000,0.0001518130315102,1.0044704048795694,0.005394356971994,0.2121458422687672,0.0039170622003489,0.0099894193914806,5.331331246314245e-05,0.9982296972119556,0.9998129223276186,0.0852301115006195,0.948227,0.987781,0.0474673333333333,0.0040646666666666,2.0,1.3333333333333333,0.2777777777777778,0.1851851851851851,3.72962962962963,3.713030878273406,0.0001572194219325,1.0772870280734206,proved light-tail expansion,0.0018757513186064808,0.001981394920908654,0.0035743647422086227,0.009414227521926364,0.00024033219084139507,0.00012538775460640384,7.200851542947668e-05,0.018934519140641246,0.06123643354399677
Laplace,5,oracle,3000000,1.9705718538413444e-18,1.0,0.0053943569719944,0.2121458422687667,0.0044679201798072,0.0110029260324383,-9.828028767161994e-05,0.9960059049248028,0.9998129223276186,0.0791504986663986,0.9487063333333332,0.987959,0.0470093333333333,0.00399,2.0,1.3333333333333333,0.2777777777777778,0.1851851851851851,3.72962962962963,3.713030878273406,0.0001572194219325,1.0772870280734206,proved light-tail expansion,0.0018715726397647437,0.001972576704384049,0.0035743647422086227,0.009414227521926362,0.00023827834950766136,0.00012480444039399846,7.12250813716972e-05,0.015345515841058269,0.07541529811902548
Laplace,8,asymptotic,3000000,0.0001735618217356,1.200263295963295,0.0055952449945319,0.1323514012791058,0.0195854469414332,0.0692939268728085,7.932005980550922e-05,1.092795506971099,0.999919602816502,0.3082775602957226,0.926231,0.9797313333333332,0.06824,0.0073983333333333,2.0,1.3333333333333333,0.2777777777777778,0.1851851851851851,6.704282407407407,6.665204232192606,0.0001227267411043,0.6001316479816475,proved light-tail expansion,0.002563074517240666,0.0027857495995337557,0.0037635573527542974,0.008136355626990253,0.0003479616360671387,0.00017770661679330715,0.00010906967901641878,0.07649298885375201,0.2616791277324353
Laplace,8,corrected,3000000,0.0001588858992884,1.0058630124229435,0.0055952449945317,0.1323514012791076,0.0022215068828629,0.0059071975287921,7.26129681503871e-05,1.0003916479280326,0.999919602816502,0.064405214178099,0.9483943333333332,0.9883683333333332,0.0471576666666666,0.003658,2.0,1.3333333333333333,0.2777777777777778,0.1851851851851851,6.704282407407407,6.665204232192606,0.0001227267411043,0.6001316479816475,proved light-tail expansion,0.002346347805886931,0.002334556503949549,0.003763557352754298,0.008136355626990253,0.00029412775081368936,0.00013522476710337464,7.791726045260952e-05,0.01486576629512087,0.04775591159621584
Laplace,8,oracle,3000000,-5.4569682106375696e-18,1.0,0.0055952449945317,0.1323514012791062,0.0029422267627645,0.0071678643979146,-8.602112820794916e-05,0.9974718265552472,0.999919602816502,0.0565407968786373,0.9490653333333332,0.9886026666666666,0.0465283333333333,0.0035533333333333,2.0,1.3333333333333333,0.2777777777777778,0.1851851851851851,6.704282407407407,6.665204232192606,0.0001227267411043,0.6001316479816475,proved light-tail expansion,0.002339499571512118,0.002320948752580154,0.0037635573527542974,0.008136355626990256,0.00029141161723129585,0.00013350662386366565,7.676817015409086e-05,0.011847705953075792,0.06034087971791946
Laplace,13,asymptotic,3000000,0.0001834407271343,1.1204148800980598,0.0066085279162382,0.082113805445688,0.0122471734324115,0.0426117204842993,0.0001110465598246,1.0567266610344193,0.999970076693158,0.1906556829880847,0.9356596666666668,0.9841776666666666,0.059172,0.0053063333333333,2.0,1.3333333333333333,0.2777777777777778,0.1851851851851851,11.689129958360729,11.60284483089177,0.0001017546073371,0.3447430400301723,proved light-tail expansion,0.00314358406275549,0.0031619262484589034,0.004288293392864475,0.008624561992254297,0.00040201205921383174,0.00019295381748889344,0.00010765415236410192,0.0434930369479051,0.15820958322500012
Laplace,13,corrected,3000000,0.0001739462941005,1.0074365492882595,0.006608527916238,0.0821138054456867,0.0010947816440572,0.0029105366155692,0.0001052990677472,1.0020331331852983,0.999970076693158,0.0474693423432683,0.9486586666666668,0.988846,0.0468543333333333,0.0033746666666666,2.0,1.3333333333333333,0.2777777777777778,0.1851851851851851,11.689129958360729,11.60284483089177,0.0001017546073371,0.3447430400301723,proved light-tail expansion,0.002980880017497406,0.0028430897566913953,0.004288293392864475,0.0086245619922543,0.0003593274565890493,0.00016042763533135628,8.524903122045196e-05,0.011849140125170405,0.03421225542677986
Laplace,13,oracle,3000000,1.0762353970979653e-17,0.9999999999999996,0.006608527916238,0.0821138054456867,0.0019384106756634,0.0043219333993034,-6.83933919770078e-05,0.9983279513598868,0.999970076693158,0.0375959623270061,0.949472,0.9891346666666668,0.0460686666666666,0.0032606666666666,2.0,1.3333333333333333,0.2777777777777778,0.1851851851851851,11.689129958360729,11.60284483089177,0.0001017546073371,0.3447430400301723,proved light-tail expansion,0.0029698577248218573,0.0028221030482763394,0.004288293392864476,0.008624561992254302,0.0003576912588381429,0.00015928493499933622,8.378713437026127e-05,0.009426802165788265,0.04502349492786761
Laplace,21,asymptotic,3000000,0.0002789685533536,1.0771147494000262,0.0089641194993337,0.0503007139397397,0.0082695664536594,0.0278084071049491,0.0002078228335645,1.0366110036007044,0.9999884832397824,0.1247496702887649,0.941028,0.9864903333333334,0.0540493333333333,0.0042856666666666,2.0,1.3333333333333333,0.2777777777777778,0.1851851851851851,19.680314100949023,19.49652997667835,0.00012175185831,0.2051647141714335,proved light-tail expansion,0.00391467425534692,0.0037595824276945473,0.005394026557342004,0.009947438571716581,0.0004852873710089026,0.00022645019819585952,0.00011883259718924408,0.025271202305767675,0.09914050234160632
Laplace,21,corrected,3000000,0.0002700608409777,1.0094265043313102,0.0089641194993339,0.0503007139397393,0.0010115711457345,0.002334193549104,0.0002011868668784,1.0035110984151676,0.9999884832397824,0.0385177977062958,0.9487866666666668,0.9891686666666668,0.0467396666666666,0.003224,2.0,1.3333333333333333,0.2777777777777778,0.1851851851851851,19.680314100949023,19.49652997667835,0.00012175185831,0.2051647141714335,proved light-tail expansion,0.0037896752477788336,0.0035233220507351034,0.005394026557342005,0.009947438571716578,0.00045376737254743067,0.00019919250016837444,0.00010050788999443967,0.009484003534502327,0.03374449879066388
Laplace,21,oracle,3000000,-1.712881688339015e-17,1.0,0.0089641194993336,0.0503007139397402,0.0012583972532186,0.0026727898857497,-6.855163083757222e-05,0.998814476143594,0.9999884832397824,0.0260133605171057,0.9498693333333332,0.9895166666666668,0.045722,0.003091,2.0,1.3333333333333333,0.2777777777777778,0.1851851851851851,19.680314100949023,19.49652997667835,0.00012175185831,0.2051647141714335,proved light-tail expansion,0.0037719388488502517,0.0034904195953018983,0.005394026557342003,0.009947438571716585,0.00045031658180781674,0.00019624580637871811,9.785758252298378e-05,0.007700850675340391,0.03473739004644427
Laplace,35,asymptotic,3000000,0.0004945784315173,1.0520212918334937,0.0112624952906583,0.0288080233437248,0.0060408677654336,0.0192068131236067,0.0004138106589568,1.024875677033248,0.9999916952281191,0.0774136473981963,0.9439523333333332,0.987818,0.0512743333333333,0.003725,2.0,1.3333333333333333,0.2777777777777778,0.1851851851851851,33.674754346182915,33.26928862723013,0.0001671980262775,0.1202310047809707,proved light-tail expansion,0.004995360231645378,0.004673723516633007,0.007222555324869068,0.011653197239147216,0.0006074277176981966,0.0002609891908990521,0.0001347251937684676,0.014906290200395751,0.06344194425716632
Laplace,35,corrected,3000000,0.0004851246795679,1.0121873876984828,0.0112624952906584,0.0288080233437244,0.0014197473152171,0.0040881477982145,0.0004059007642374,1.0052854162936449,0.9999916952281191,0.0266975240874822,0.9485083333333332,0.9893733333333332,0.0469656666666666,0.0031216666666666,2.0,1.3333333333333333,0.2777777777777778,0.1851851851851851,33.674754346182915,33.26928862723013,0.0001671980262775,0.1202310047809707,proved light-tail expansion,0.004899875080012682,0.0044967568944169894,0.0072225553248690694,0.01165319723914722,0.0005813977615921914,0.0002384414002181384,0.00011985581555032398,0.007450835394773636,0.0362063619619839
Laplace,35,oracle,3000000,1.3036090725411973e-17,1.0,0.0112624952906583,0.0288080233437244,0.0011606136268154,0.0021962056735123,-7.874551744603482e-05,0.9992149461028964,0.9999916952281191,0.0104998302838961,0.9499163333333334,0.9898443333333332,0.045654,0.0029496666666666,2.0,1.3333333333333333,0.2777777777777778,0.1851851851851851,33.674754346182915,33.26928862723013,0.0001671980262775,0.1202310047809707,proved light-tail expansion,0.004870286920143354,0.004442613046821045,0.0072225553248690694,0.011653197239147213,0.0005721786532942582,0.00023247724153158244,0.00011608674365972836,0.006514828562968463,0.027744032295329735
Laplace,55,asymptotic,3000000,0.0007840575087413,1.0400062150206029,0.0118904224470481,0.0180159759976441,0.0051915846231681,0.0150918028000084,0.0006738127371166,1.0192901444733335,0.9999923672208266,0.0590711979883793,0.9454496666666666,0.9884603333333334,0.0498633333333333,0.0034196666666666,2.0,1.3333333333333333,0.2777777777777778,0.1851851851851851,53.6717783899602,52.884299349028815,0.0002114445858226,0.075636815637862,proved light-tail expansion,0.006230614063769633,0.005754945832537107,0.009307123881631123,0.013704788590038378,0.0007472289794703653,0.0003039432058257848,0.0001469357974188662,0.010571042174568127,0.04952314986929007
Laplace,55,corrected,3000000,0.000774532358368,1.0148906017594022,0.0118904224470478,0.0180159759976437,0.0022375363261326,0.0056276572066758,0.0006656268992502,1.0069072621057866,0.9999923672208266,0.0270610160616375,0.9483183333333334,0.9894406666666666,0.0470583333333333,0.0030553333333333,2.0,1.3333333333333333,0.2777777777777778,0.1851851851851851,53.6717783899602,52.884299349028815,0.0002114445858226,0.075636815637862,proved light-tail expansion,0.006154921228468937,0.005615966861275571,0.009307123881631123,0.01370478859003837,0.0007249079855753436,0.00028610116306827034,0.00013690938307485843,0.006823569970106477,0.03621164368912133
Laplace,55,oracle,3000000,-1.0610771520684162e-17,1.0,0.0118904224470478,0.0180159759976437,0.0013700981733065,0.0022530201649095,-0.0001081035696391,0.999493232120762,0.9999923672208266,0.0073697829709056,0.949984,0.9900123333333334,0.0454126666666666,0.0028473333333333,2.0,1.3333333333333333,0.2777777777777778,0.1851851851851851,53.6717783899602,52.884299349028815,0.0002114445858226,0.075636815637862,proved light-tail expansion,0.006109601493215561,0.005533568693551608,0.009307123881631123,0.013704788590038373,0.000710550203450143,0.00027760096560060037,0.00013096904678519715,0.006519898243128523,0.02877996345126732
Laplace,89,asymptotic,3000000,0.0011771633619017,1.032869579854698,0.0134916521057191,0.0167037471622046,0.0046150664355208,0.0124521092651759,0.0009235450931078,1.015734871170321,0.9999945336769248,0.0551124682175285,0.946458,0.9887293333333332,0.0487636666666666,0.0033173333333333,2.0,1.3333333333333333,0.2777777777777778,0.1851851851851851,87.66981114430932,86.16770377971663,0.0002495581336074,0.0464211047125707,proved light-tail expansion,0.007905425748626505,0.007274934322226844,0.011810393732043095,0.017670577910930383,0.0009178909165742393,0.0003788844714411582,0.00019287139855773646,0.008745420052767728,0.04126752008304191
Laplace,89,corrected,3000000,0.0011683333366484,1.01743237081532,0.0134916521057192,0.0167037471622055,0.0027978610320449,0.0065723939010519,0.0009166174849622,1.008115737876354,0.9999945336769248,0.0353774993622626,0.948257,0.9893266666666668,0.047044,0.0030936666666666,2.0,1.3333333333333333,0.2777777777777778,0.1851851851851851,87.66981114430932,86.16770377971663,0.0002495581336074,0.0464211047125707,proved light-tail expansion,0.007846126324895049,0.007166203574346986,0.011810393732043092,0.017670577910930376,0.0008968913512717346,0.00036670961512706945,0.00018660093426301527,0.007245455804552903,0.03772632539261256
Laplace,89,oracle,3000000,1.3339255626002949e-17,1.0,0.0134916521057191,0.0167037471622055,0.0014007748059615,0.0019484750703604,-0.0002495501241974,0.999442053041809,0.9999945336769248,0.0117527651972553,0.950287,0.9899743333333332,0.0451713333333333,0.0028723333333333,2.0,1.3333333333333333,0.2777777777777778,0.1851851851851851,87.66981114430932,86.16770377971663,0.0002495581336074,0.0464211047125707,proved light-tail expansion,0.007778619366757953,0.007043420063983557,0.011810393732043095,0.017670577910930376,0.0008738360965079262,0.00035590623622236,0.00017919431703518948,0.00714385995273169,0.03362145175883624
Laplace,144,asymptotic,3000000,0.0016339126669938,1.028645737502211,0.0200667933988284,0.0207093753880935,0.0043814938527129,0.0108984693894997,0.0011817801758556,1.0134578186996936,0.999992295754076,0.0595269635773196,0.9474123333333332,0.9888393333333332,0.0479493333333333,0.003304,2.0,1.3333333333333333,0.2777777777777778,0.1851851851851851,142.66860460962505,139.98988645951633,0.0002723187778323,0.0285734927083947,proved light-tail expansion,0.01003041781353158,0.00931323000288653,0.014361983181285292,0.023786131672089844,0.0011612985026825582,0.0005128450137656306,0.0002719747447468325,0.007383165135095103,0.032809886998496296
Laplace,144,corrected,3000000,0.0016263417105174,1.019135083382494,0.0200667933988282,0.0207093753880927,0.0032576966453375,0.0072326636506299,0.0011763042367452,1.0087618241150376,0.999992295754076,0.0473156820313915,0.9484886666666666,0.9892086666666666,0.0469586666666666,0.0031716666666666,2.0,1.3333333333333333,0.2777777777777778,0.1851851851851851,142.66860460962505,139.98988645951633,0.0002723187778323,0.0285734927083947,proved light-tail expansion,0.009983940508936287,0.009227121728613298,0.014361983181285292,0.02378613167208985,0.0011447699469893323,0.0005047188954924625,0.00026591223888718286,0.006848504084242579,0.03187474148694269
Laplace,144,oracle,3000000,3.213547946264347e-17,1.0,0.0200667933988286,0.0207093753880949,0.0013030842282695,0.00212278947758,-0.0004457925455464,0.9992467908349604,0.999992295754076,0.0209621583989698,0.9506823333333332,0.989906,0.0449166666666666,0.0029203333333333,2.0,1.3333333333333333,0.2777777777777778,0.1851851851851851,142.66860460962505,139.98988645951633,0.0002723187778323,0.0285734927083947,proved light-tail expansion,0.009889768104769249,0.00905387507413504,0.01436198318128529,0.02378613167208985,0.001115136110042573,0.0004876258471832541,0.0002541145104269735,0.006765281933346747,0.03018933590583739
Laplace,233,asymptotic,3000000,0.0021625003276009,1.025584697447994,0.0328870274833673,0.0202972256530737,0.0038631103128918,0.0101980250139307,0.0015880337958371,1.0118081701664,0.9999687279775502,0.0748102921788582,0.948146,0.9888303333333334,0.0472706666666666,0.0033493333333333,2.0,1.3333333333333333,0.2777777777777778,0.1851851851851851,231.66786225707,227.18747713356467,0.0002833402136734,0.0176066042480342,proved light-tail expansion,0.012696906012027474,0.011897176681475035,0.016982588991550657,0.02964089486805047,0.001502269503594832,0.0006884928523922595,0.0003788680731735962,0.004887916502478596,0.021434169704297457
Laplace,233,corrected,3000000,0.0021563096029976,1.0197210919370845,0.032887027483367,0.0202972256530729,0.0031694256525924,0.0079896912417464,0.0015834876324145,1.0089116037923225,0.9999687279775502,0.0672221408383531,0.948831,0.9890586666666666,0.0466816666666666,0.003276,2.0,1.3333333333333333,0.2777777777777778,0.1851851851851851,231.66786225707,227.18747713356467,0.0002833402136734,0.0176066042480342,proved light-tail expansion,0.012660557787044068,0.011829156603828259,0.016982588991550657,0.029640894868050462,0.0014893418841281857,0.0006819983912744886,0.0003735009222451472,0.00476191748733873,0.023872312835425902
Laplace,233,oracle,3000000,-8.48861721654733e-18,1.0000000000000002,0.0328870274833671,0.020297225653072,0.0022927715048494,0.0034319406063437,-0.00056725582705,0.9991079525929782,0.9999687279775502,0.0394041036289407,0.9510476666666666,0.9897796666666666,0.0445563333333333,0.0030046666666666,2.0,1.3333333333333333,0.2777777777777778,0.1851851851851851,231.66786225707,227.18747713356467,0.0002833402136734,0.0176066042480342,proved light-tail expansion,0.01253753442992658,0.01160038435741026,0.016982588991550657,0.029640894868050476,0.0014503646479364115,0.0006589287086235379,0.0003566250925844244,0.004701438981151173,0.023440464363046587
Laplace,377,asymptotic,3000000,0.0027741459789885,1.0229691243758334,0.0482926761420232,0.0165197952392972,0.004451269523604,0.010865321994609,0.0021817418469037,1.010709996334508,0.9999025473489632,0.0819336379198474,0.94825,0.9888003333333332,0.0471703333333333,0.0032143333333333,2.0,1.3333333333333333,0.2777777777777778,0.1851851851851851,375.6674047806857,368.5350720922563,0.0002857515738169,0.0108537838130061,proved light-tail expansion,0.01601428948738263,0.01495802656744739,0.01989153403856658,0.03326546028566143,0.0019264910727545916,0.0008705222757500699,0.0004664499764927626,0.0,0.0
Laplace,377,corrected,3000000,0.0027692387027681,1.0193531992706626,0.048292676142023,0.0165197952392976,0.0040367870779021,0.0099543174363916,0.0021778824934431,1.0089221188513748,0.9999025473489632,0.077232235404991,0.948656,0.9889486666666668,0.046793,0.00316,2.0,1.3333333333333333,0.2777777777777778,0.1851851851851851,375.6674047806857,368.5350720922563,0.0002857515738169,0.0108537838130061,proved light-tail expansion,0.015985961294640194,0.01490515390247615,0.019891534038566576,0.03326546028566144,0.001917978808160165,0.0008647706458503173,0.0004620993750923419,0.0,0.0
Laplace,377,oracle,3000000,3.6379788070917136e-18,1.0,0.0482926761420231,0.0165197952392981,0.0036950994912626,0.006534612245645,-0.0005857156336556,0.9992986440891674,0.9999025473489632,0.0491835221150509,0.950863,0.9896976666666668,0.0447816666666666,0.002896,2.0,1.3333333333333333,0.2777777777777778,0.1851851851851851,375.6674047806857,368.5350720922563,0.0002857515738169,0.0108537838130061,proved light-tail expansion,0.01583348124469963,0.014622168168148826,0.019891534038566576,0.03326546028566144,0.0018721750027274949,0.0008329305354620979,0.00044377363221491053,0.0,0.0
Student-t4,2,asymptotic,3000000,-0.0015627870039518,2.26719403876042,-0.0027272422520487,0.6256407037397231,0.0879171759698975,0.3672897903392874,-0.0014897121342962,1.4881925902924575,0.9989316197467868,1.608119100937571,0.820034,0.9152956666666666,0.1716803333333333,0.0487916666666666,2.0,-1.7763568394002505e-15,,,2.0000000000000018,0.8821476970244213,-0.0022101145760891,4.534388077520837,conventional first-shift correction; outside Lean,0.0017138906765411324,0.003982406066125656,0.004470483234780207,0.015928571358393786,0.0003119500228464937,0.00024784524694650525,0.00019441607954002028,0.46118911114326466,1.3615453974284484
Student-t4,2,corrected,3000000,-0.0015627870039518,2.2671940387604206,-0.0027272422520487,0.6256407037397222,0.0879171759698977,0.3672897903392877,-0.0014897121342962,1.4881925902924584,0.9989316197467868,1.608119100937572,0.820034,0.9152956666666666,0.1716803333333333,0.0487916666666666,2.0,-1.7763568394002505e-15,,,2.0000000000000018,0.8821476970244213,-0.0022101145760891,4.534388077520837,conventional first-shift correction; outside Lean,0.001713890676541133,0.00398240606612566,0.004470483234780207,0.015928571358393782,0.0003119500228464937,0.00024784524694650525,0.00019441607954002028,0.4611891111432651,1.361545397428451
Student-t4,2,oracle,3000000,5.798028723802418e-18,1.0,-0.0027272422520488,0.6256407037397231,0.010147454763968,0.0259536948656378,4.853149880260516e-05,0.9883591616955576,0.9989316197467868,0.2018348037359163,0.9479966666666668,0.985141,0.048052,0.0061733333333333,2.0,-1.7763568394002505e-15,,,2.0000000000000018,0.8821476970244213,-0.0022101145760891,4.534388077520837,conventional first-shift correction; outside Lean,0.0011382529138726145,0.0017565351699244155,0.004470483234780209,0.01592857135839379,0.00019923749352192014,0.00011998805205208103,7.563643482750082e-05,0.02821034481604424,0.1135408020933335
Student-t4,3,asymptotic,3000000,-0.0013253901031784,1.5987426901040362,-0.0009864745662053,0.4269137429831615,0.0490607206797229,0.1878736678943183,-0.0013085852025978,1.2544780722710114,0.9993325528110436,0.8686244701405972,0.8824673333333334,0.9553773333333332,0.110678,0.021614,2.0,-1.7763568394002505e-15,,,3.0000000000000018,1.8764745687780304,-0.0015304286657026,2.1316569201387146,conventional first-shift correction; outside Lean,0.0017053490047851348,0.0027725783754189515,0.00381715972795375,0.011639792484792588,0.00028616625425216687,0.00019518587671467914,0.00014624689254018845,0.24563417827479578,0.7423019188876832
Student-t4,3,corrected,3000000,-0.0013253901031784,1.5987426901040376,-0.0009864745662053,0.4269137429831615,0.049060720679723,0.1878736678943186,-0.0013085852025978,1.254478072271012,0.9993325528110436,0.8686244701405985,0.8824673333333334,0.9553773333333332,0.110678,0.021614,2.0,-1.7763568394002505e-15,,,3.0000000000000018,1.8764745687780304,-0.0015304286657026,2.1316569201387146,conventional first-shift correction; outside Lean,0.0017053490047851353,0.002772578375418954,0.0038171597279537503,0.011639792484792584,0.00028616625425216687,0.00019518587671467914,0.00014624689254018845,0.24563417827479622,0.742301918887684
Student-t4,3,oracle,3000000,1.318767317570746e-17,1.0000000000000002,-0.000986474566205,0.4269137429831611,0.0085060958736464,0.0210405674997392,1.3290663473960687e-05,0.9921418942101602,0.9993325528110436,0.1472728311228524,0.947697,0.9862703333333334,0.0481593333333333,0.0051793333333333,2.0,-1.7763568394002505e-15,,,3.0000000000000018,1.8764745687780304,-0.0015304286657026,2.1316569201387146,conventional first-shift correction; outside Lean,0.001348726796662105,0.0017342242704725217,0.0038171597279537508,0.011639792484792586,0.0002095425292231343,0.00011705179762616206,7.410683607465592e-05,0.022757737102054063,0.08864301475692216
Student-t4,5,asymptotic,3000000,-0.0013053556595404,1.269119586890784,0.000732332640175,0.2547545045272601,0.024159539961073,0.0882151448257169,-0.0013239692357243,1.1212939406900746,0.9997043104591268,0.4348594070332212,0.917917,0.9750726666666668,0.076351,0.010124,2.0,-1.7763568394002505e-15,,,5.000000000000002,3.9397390534721,-0.0011675455958185,1.015295669512627,conventional first-shift correction; outside Lean,0.0019507355853256956,0.002373173338662193,0.003703974037449557,0.009017760502484266,0.0002978737126553797,0.0001676982178287664,0.00010227499459823898,0.12297874011560078,0.37923057121340387
Student-t4,5,corrected,3000000,-0.0013053556595404,1.2691195868907847,0.000732332640175,0.2547545045272592,0.0241595399610732,0.088215144825717,-0.0013239692357243,1.1212939406900746,0.9997043104591268,0.4348594070332221,0.917917,0.9750726666666668,0.076351,0.010124,2.0,-1.7763568394002505e-15,,,5.000000000000002,3.9397390534721,-0.0011675455958185,1.015295669512627,conventional first-shift correction; outside Lean,0.0019507355853256962,0.002373173338662195,0.003703974037449557,0.00901776050248426,0.0002978737126553797,0.0001676982178287664,0.00010227499459823898,0.12297874011560098,0.3792305712134043
Student-t4,5,oracle,3000000,1.4930871354105573e-17,1.0000000000000002,0.0007323326401751,0.2547545045272597,0.0057216524665994,0.0138079773787697,-1.652260603790791e-05,0.9953325385549708,0.9997043104591268,0.0954926981527735,0.9481496666666668,0.987471,0.0475236666666666,0.0042336666666666,2.0,-1.7763568394002505e-15,,,5.000000000000002,3.9397390534721,-0.0011675455958185,1.015295669512627,conventional first-shift correction; outside Lean,0.0017315982292714514,0.0018699367365972424,0.0037039740374495557,0.009017760502484255,0.00024621935645894135,0.00011433929637089037,7.02248652863026e-05,0.015350213957343628,0.06128323732933483
Student-t4,8,asymptotic,3000000,-0.0013860227095697,1.1376489879353484,0.001663016295078,0.1621141311441949,0.0128313848796364,0.0454081647162461,-0.0013937333676402,1.0634028241945823,0.9998695990855768,0.2400252534124103,0.9331396666666668,0.9824423333333332,0.0617406666666666,0.0062403333333333,2.0,-1.7763568394002505e-15,,,8.000000000000002,7.032045986801893,-0.0009800660568153,0.568824493967674,conventional first-shift correction; outside Lean,0.002345104288425758,0.002506758813149329,0.004095974129854372,0.008383602230908805,0.0003252300130259966,0.0001659497583017089,9.363819258780635e-05,0.06989794189912713,0.21764278546892202
Student-t4,8,corrected,3000000,-0.0013860227095697,1.1376489879353484,0.001663016295078,0.1621141311441949,0.0128313848796364,0.0454081647162461,-0.0013937333676402,1.0634028241945823,0.9998695990855768,0.2400252534124103,0.9331396666666668,0.9824423333333332,0.0617406666666666,0.0062403333333333,2.0,-1.7763568394002505e-15,,,8.000000000000002,7.032045986801893,-0.0009800660568153,0.568824493967674,conventional first-shift correction; outside Lean,0.002345104288425758,0.002506758813149329,0.004095974129854372,0.008383602230908805,0.0003252300130259966,0.0001659497583017089,9.363819258780635e-05,0.06989794189912713,0.21764278546892202
Student-t4,8,oracle,3000000,2.804275330466529e-18,1.0,0.001663016295078,0.1621141311441944,0.0038501743239447,0.0092438043181719,-7.229151101582912e-06,0.9969965763929782,0.9998695990855768,0.0628842950725956,0.9486516666666668,0.9883406666666666,0.0469933333333333,0.0037673333333333,2.0,-1.7763568394002505e-15,,,8.000000000000002,7.032045986801893,-0.0009800660568153,0.568824493967674,conventional first-shift correction; outside Lean,0.0021986597116815157,0.0022034554064858727,0.004095974129854373,0.008383602230908796,0.00029598502292974303,0.00013081715699065635,7.102813476267723e-05,0.010458469663196896,0.04361311009728519
Student-t4,13,asymptotic,3000000,-0.0015474545201134,1.0708278928992412,0.0027953365041239,0.1103796462190036,0.0064109291248916,0.0229829017381945,-0.0015651766100865,1.0326106459183273,0.9999403964123068,0.1379992615135337,0.9410986666666666,0.9860246666666668,0.0540673333333333,0.004586,2.0,-1.7763568394002505e-15,,,13.000000000000002,12.14013949973119,-0.0008583733259565,0.3294855055074588,conventional first-shift correction; outside Lean,0.002913552987474403,0.0029819394117061005,0.004854419434215319,0.009585916876720396,0.000380330440204781,0.00017253530213506195,9.721586782192491e-05,0.041880944512125005,0.12753010397541287
Student-t4,13,corrected,3000000,-0.0015474545201134,1.0708278928992416,0.0027953365041239,0.110379646219004,0.0064109291248916,0.0229829017381946,-0.0015651766100865,1.0326106459183275,0.9999403964123068,0.1379992615135341,0.9410986666666666,0.9860246666666668,0.0540673333333333,0.004586,2.0,-1.7763568394002505e-15,,,13.000000000000002,12.14013949973119,-0.0008583733259565,0.3294855055074588,conventional first-shift correction; outside Lean,0.0029135529874744024,0.002981939411706099,0.004854419434215319,0.009585916876720392,0.000380330440204781,0.00017253530213506195,9.721586782192491e-05,0.04188094451212513,0.1275301039754133
Student-t4,13,oracle,3000000,-6.8212102632969635e-18,1.0000000000000002,0.0027953365041239,0.1103796462190036,0.0027518681931554,0.0062520553408277,-1.712596686866902e-05,0.9978764207305728,0.9999403964123068,0.0452180169502356,0.9490906666666666,0.988839,0.0465636666666666,0.0034316666666666,2.0,-1.7763568394002505e-15,,,13.000000000000002,12.14013949973119,-0.0008583733259565,0.3294855055074588,conventional first-shift correction; outside Lean,0.002815548956658517,0.0027847046490660395,0.0048544194342153195,0.00958591687672039,0.000359731940792437,0.0001550946848107429,8.545273809501278e-05,0.007289130544328297,0.029043644944785285
Student-t4,21,asymptotic,3000000,-0.0018505192517996,1.0367292657493477,0.0046521612804837,0.0829200782100061,0.0030860641691719,0.0115071498174691,-0.0019089120578021,1.016535725169127,0.9999688009646078,0.0793777694172965,0.945194,0.9877483333333332,0.050107,0.0038253333333333,2.0,-1.7763568394002505e-15,,,21.0,20.25601156809364,-0.0008076328139376,0.1974722410951137,conventional first-shift correction; outside Lean,0.003663777789660216,0.003696043328644508,0.005913201924554815,0.011597976841286238,0.0004569127526402683,0.00020084932952451912,0.0001115332666756179,0.02748605668581403,0.08148316192784799
Student-t4,21,corrected,3000000,-0.0018505192517996,1.0367292657493477,0.0046521612804837,0.0829200782100061,0.0030860641691719,0.0115071498174691,-0.0019089120578021,1.016535725169127,0.9999688009646078,0.0793777694172965,0.945194,0.9877483333333332,0.050107,0.0038253333333333,2.0,-1.7763568394002505e-15,,,21.0,20.25601156809364,-0.0008076328139376,0.1974722410951137,conventional first-shift correction; outside Lean,0.003663777789660216,0.003696043328644508,0.005913201924554815,0.011597976841286238,0.0004569127526402683,0.00020084932952451912,0.0001115332666756179,0.02748605668581403,0.08148316192784799
Student-t4,21,oracle,3000000,6.21488046211501e-18,1.0000000000000002,0.0046521612804838,0.0829200782100065,0.0020916555688458,0.0045505808940352,-5.734910783870904e-05,0.9983664241471646,0.9999688009646078,0.0301018299373869,0.9493933333333332,0.989198,0.0462573333333333,0.0032716666666666,2.0,-1.7763568394002505e-15,,,21.0,20.25601156809364,-0.0008076328139376,0.1974722410951137,conventional first-shift correction; outside Lean,0.003598292357235458,0.003565099829580883,0.0059132019245548145,0.011597976841286235,0.0004386880541368202,0.00018653502588341663,0.000104087623064224,0.005606926680045931,0.021860261453131358
Student-t4,35,asymptotic,3000000,-0.0024196095477265,1.0169596728574497,0.0074626190741008,0.0625997337132027,0.0018930157117742,0.0060258324318995,-0.0025287755359132,1.0072217122175324,0.9999804828785922,0.045041741539793,0.94775,0.9886973333333332,0.0477216666666666,0.0033283333333333,2.0,-1.7763568394002505e-15,,,35.0,34.416310630742245,-0.0008179773216171,0.1162239626122799,conventional first-shift correction; outside Lean,0.004715462602530493,0.004693178569803148,0.007479367277004835,0.013547233139855518,0.0005795758995901133,0.00023515242046241245,0.0001239025659161464,0.01920911452632392,0.055718079131530374
Student-t4,35,corrected,3000000,-0.0024196095477265,1.0169596728574497,0.0074626190741008,0.0625997337132027,0.0018930157117742,0.0060258324318995,-0.0025287755359132,1.0072217122175324,0.9999804828785922,0.045041741539793,0.94775,0.9886973333333332,0.0477216666666666,0.0033283333333333,2.0,-1.7763568394002505e-15,,,35.0,34.416310630742245,-0.0008179773216171,0.1162239626122799,conventional first-shift correction; outside Lean,0.004715462602530493,0.004693178569803148,0.007479367277004835,0.013547233139855518,0.0005795758995901133,0.00023515242046241245,0.0001239025659161464,0.01920911452632392,0.055718079131530374
Student-t4,35,oracle,3000000,1.712881688339015e-17,1.0,0.0074626190741009,0.0625997337132022,0.0017472477874671,0.0034631343964721,-0.0001082518892822,0.9987877642551412,0.9999804828785922,0.0236647679561219,0.9496643333333332,0.9893613333333332,0.0459333333333333,0.0030846666666666,2.0,-1.7763568394002505e-15,,,35.0,34.416310630742245,-0.0008179773216171,0.1162239626122799,conventional first-shift correction; outside Lean,0.004675977784316252,0.004614911185825362,0.0074793672770048355,0.013547233139855517,0.0005657154355707918,0.00022686177825709662,0.00011860291049601951,0.004550643018679341,0.01841165499300912
Student-t4,55,asymptotic,3000000,-0.0031910500344737,1.0060513453350148,0.0102122317370459,0.0483520127554122,0.002300362781774,0.0043790163337514,-0.0033528996543877,1.0021310605814595,0.9999848948799246,0.0316815263589722,0.9490666666666666,0.9892896666666666,0.0464443333333333,0.0030446666666666,2.0,-1.7763568394002505e-15,,,55.0,54.66917792519329,-0.0008605621977422,0.0731673705698192,conventional first-shift correction; outside Lean,0.005909504203236142,0.00580762354003712,0.009396479416679095,0.015625207726422414,0.0007126536730474116,0.0002851567269583686,0.00014326708156743242,0.014584655362841353,0.04242666898197767
Student-t4,55,corrected,3000000,-0.0031910500344737,1.0060513453350148,0.0102122317370459,0.0483520127554122,0.002300362781774,0.0043790163337514,-0.0033528996543877,1.0021310605814595,0.9999848948799246,0.0316815263589722,0.9490666666666666,0.9892896666666666,0.0464443333333333,0.0030446666666666,2.0,-1.7763568394002505e-15,,,55.0,54.66917792519329,-0.0008605621977422,0.0731673705698192,conventional first-shift correction; outside Lean,0.005909504203236142,0.00580762354003712,0.009396479416679095,0.015625207726422414,0.0007126536730474116,0.0002851567269583686,0.00014326708156743242,0.014584655362841353,0.04242666898197767
Student-t4,55,oracle,3000000,1.1520266222457093e-17,1.0,0.0102122317370463,0.0483520127554113,0.0014716502733364,0.0029050606192347,-0.0001613621273199,0.9991126322987542,0.9999848948799246,0.0270091175085793,0.94975,0.989519,0.0458146666666666,0.0029643333333333,2.0,-1.7763568394002505e-15,,,55.0,54.66917792519329,-0.0008605621977422,0.0731673705698192,conventional first-shift correction; outside Lean,0.005891704720388592,0.005772690993324179,0.009396479416679095,0.015625207726422407,0.0007066217493709916,0.00028022278907741246,0.0001415985998063966,0.003882455350176706,0.014421660317194274
Student-t4,89,asymptotic,3000000,-0.0043043056002094,0.9976184586888892,0.0123478839649571,0.0401747679694799,0.0027349042955606,0.0051521462507856,-0.0044633199337851,0.9978653537839752,0.9999880432900764,0.0255315735230396,0.95023,0.9896683333333334,0.0453276666666666,0.0030106666666666,2.0,-1.7763568394002505e-15,,,89.0,89.21246316649696,-0.0009125109622243,0.0448367846601747,conventional first-shift correction; outside Lean,0.007512018280311377,0.007284602987588802,0.011901172138720486,0.018963371264084494,0.000895704096769871,0.00035952873863355,0.00018459110354786024,0.01056639137106191,0.03089684755433586
Student-t4,89,corrected,3000000,-0.0043043056002094,0.9976184586888892,0.0123478839649571,0.0401747679694799,0.0027349042955606,0.0051521462507856,-0.0044633199337851,0.9978653537839752,0.9999880432900764,0.0255315735230396,0.95023,0.9896683333333334,0.0453276666666666,0.0030106666666666,2.0,-1.7763568394002505e-15,,,89.0,89.21246316649696,-0.0009125109622243,0.0448367846601747,conventional first-shift correction; outside Lean,0.007512018280311377,0.007284602987588802,0.011901172138720486,0.018963371264084494,0.000895704096769871,0.00035952873863355,0.00018459110354786024,0.01056639137106191,0.03089684755433586
Student-t4,89,oracle,3000000,2.485952184846004e-17,1.0,0.0123478839649574,0.0401747679694803,0.0009630695422959,0.0024577746568903,-0.0001592040220584,0.9990557091482776,0.9999880432900764,0.0329441817775184,0.9499823333333334,0.9895726666666668,0.0455883333333333,0.003051,2.0,-1.7763568394002505e-15,,,89.0,89.21246316649696,-0.0009125109622243,0.0448367846601747,conventional first-shift correction; outside Lean,0.007520979380346364,0.0073019929855373,0.011901172138720488,0.018963371264084494,0.000897193910982142,0.0003615933680478305,0.00018652530018492143,0.0030849618268010935,0.010699336539436555
Student-t4,144,asymptotic,3000000,-0.0057360284518577,0.9909191741274042,0.0130121885354072,0.0366166608779772,0.0036525626121823,0.0077004775337779,-0.0058562106012176,0.9943444053012436,0.9999853221506496,0.0190750373285375,0.9514863333333332,0.9899253333333332,0.04418,0.0030246666666666,2.0,-1.7763568394002505e-15,,,144.0,145.3196221849328,-0.0009560047419762,0.0275255326146501,conventional first-shift correction; outside Lean,0.009531301533571205,0.009185265123971387,0.014757048202140757,0.023296090174328425,0.0010928776236573167,0.0004548485098992127,0.00023493265407092183,0.0069927656927682245,0.021074298752122633
Student-t4,144,corrected,3000000,-0.0057360284518577,0.9909191741274042,0.0130121885354072,0.0366166608779772,0.0036525626121823,0.0077004775337779,-0.0058562106012176,0.9943444053012436,0.9999853221506496,0.0190750373285375,0.9514863333333332,0.9899253333333332,0.04418,0.0030246666666666,2.0,-1.7763568394002505e-15,,,144.0,145.3196221849328,-0.0009560047419762,0.0275255326146501,conventional first-shift correction; outside Lean,0.009531301533571205,0.009185265123971387,0.014757048202140757,0.023296090174328425,0.0010928776236573167,0.0004548485098992127,0.00023493265407092183,0.0069927656927682245,0.021074298752122633
Student-t4,144,oracle,3000000,8.48861721654733e-18,1.0,0.0130121885354073,0.0366166608779772,0.0011937213961045,0.002335296456207,-0.0001207315706897,0.998890122184688,0.9999853221506496,0.0311041411526611,0.9504736666666668,0.9896073333333332,0.045139,0.003157,2.0,-1.7763568394002505e-15,,,144.0,145.3196221849328,-0.0009560047419762,0.0275255326146501,conventional first-shift correction; outside Lean,0.009574874563269324,0.009269439288083072,0.014757048202140757,0.023296090174328436,0.001106745132471329,0.0004628778003501685,0.00024179210561672392,0.0022449737372500314,0.009987071927403779
Student-t4,233,asymptotic,3000000,-0.0075326269378473,0.985107075297652,0.0115665865882848,0.0327138961061681,0.0044086592873496,0.010573336061652,-0.0075636007525747,0.9914837112328642,0.9999798416244642,0.0252626801717426,0.9522506666666668,0.9900933333333334,0.0435503333333333,0.0028826666666666,2.0,-1.7763568394002505e-15,,,233.0,236.522511961046,-0.0009869575966539,0.0169117094471699,conventional first-shift correction; outside Lean,0.012067892891250273,0.011691536064248708,0.017672537147166472,0.02752276378056317,0.0014189370026778325,0.0005770070377233849,0.00030509395647963203,0.003929273072860015,0.015335561820607246
Student-t4,233,corrected,3000000,-0.0075326269378473,0.985107075297652,0.0115665865882848,0.0327138961061681,0.0044086592873496,0.010573336061652,-0.0075636007525747,0.9914837112328642,0.9999798416244642,0.0252626801717426,0.9522506666666668,0.9900933333333334,0.0435503333333333,0.0028826666666666,2.0,-1.7763568394002505e-15,,,233.0,236.522511961046,-0.0009869575966539,0.0169117094471699,conventional first-shift correction; outside Lean,0.012067892891250273,0.011691536064248708,0.017672537147166472,0.02752276378056317,0.0014189370026778325,0.0005770070377233849,0.00030509395647963203,0.003929273072860015,0.015335561820607246
Student-t4,233,oracle,3000000,-2.6678511252005894e-17,0.9999999999999996,0.0115665865882849,0.0327138961061681,0.001505719768461,0.0027036960116274,-3.1207068705816564e-05,0.998950260712416,0.9999798416244642,0.0312329295928774,0.9506406666666668,0.989528,0.0450876666666666,0.0030796666666666,2.0,-1.7763568394002505e-15,,,233.0,236.522511961046,-0.0009869575966539,0.0169117094471699,conventional first-shift correction; outside Lean,0.01215877236649088,0.011868289607722172,0.017672537147166472,0.027522763780563182,0.0014466062533126716,0.0005959385048565667,0.0003142993528276824,0.0019658498761282745,0.010428885754793171
Student-t4,377,asymptotic,3000000,-0.0097551491700234,0.978673137071062,0.0082567213638324,0.0259966741204649,0.0064885768937732,0.0136963786779143,-0.0096516198297708,0.988550407218803,0.999979221305888,0.0287243949698876,0.952648,0.9903413333333332,0.043137,0.002744,2.0,-1.7763568394002505e-15,,,377.0,385.2154368191531,-0.0010048314866147,0.0103837998628229,conventional first-shift correction; outside Lean,0.015245601301159884,0.014723680790680734,0.02032510700394574,0.03049911944415941,0.0018641954522309807,0.0007236058373142304,0.0003405254947363633,0.0,0.0
Student-t4,377,corrected,3000000,-0.0097551491700234,0.978673137071062,0.0082567213638324,0.0259966741204649,0.0064885768937732,0.0136963786779143,-0.0096516198297708,0.988550407218803,0.999979221305888,0.0287243949698876,0.952648,0.9903413333333332,0.043137,0.002744,2.0,-1.7763568394002505e-15,,,377.0,385.2154368191531,-0.0010048314866147,0.0103837998628229,conventional first-shift correction; outside Lean,0.015245601301159884,0.014723680790680734,0.02032510700394574,0.03049911944415941,0.0018641954522309807,0.0007236058373142304,0.0003405254947363633,0.0,0.0
Student-t4,377,oracle,3000000,-2.8497500655551746e-17,1.0,0.0082567213638321,0.0259966741204653,0.0017868328176383,0.0033501851139336,0.0001046512963688,0.9992634106339,0.999979221305888,0.0305264363493251,0.9502993333333334,0.9895236666666668,0.0453483333333333,0.003028,2.0,-1.7763568394002505e-15,,,377.0,385.2154368191531,-0.0010048314866147,0.0103837998628229,conventional first-shift correction; outside Lean,0.015410819157135517,0.01504453349434443,0.020325107003945745,0.030499119444159395,0.0019104519127060152,0.0007600329097158053,0.00036141482694802515,0.0,0.0
Student-t5,2,asymptotic,3000000,-0.0015502559094855,2.420212258850193,-0.0039222112480716,0.6171806506524145,0.0952588966855035,0.4053476861521727,-0.0014388774740661,1.5376258637305713,0.9988867853762836,1.7454327616668226,0.8067616666666667,0.905701,0.1848226666666666,0.055546,1.923824745242796,0.9597103963439706,,,1.0402896036560294,0.8263737995237533,-0.0021088898872689,4.478725792784679,conventional first-shift correction; outside Lean,0.0019790956551447654,0.004445048494812914,0.004528098481744423,0.012446955333580579,0.0003412101031575722,0.00026382559750482776,0.00021512155742210923,0.4929652285900377,1.4762319301506999
Student-t5,2,corrected,3000000,-0.0011180610723125,1.2588608257613658,-0.0039222112480717,0.6171806506524131,0.0183525105622475,0.0745211454130555,-0.0010377337584958,1.1089521488027323,0.9988867853762836,0.5407109197888063,0.920831,0.9734746666666668,0.0738556666666666,0.012249,1.923824745242796,0.9597103963439706,,,1.0402896036560294,0.8263737995237533,-0.0021088898872689,4.478725792784679,conventional first-shift correction; outside Lean,0.001427344864071242,0.0023120688684503806,0.004528098481744423,0.012446955333580579,0.00025289057363582414,0.00015759578193225306,0.00010987853836722291,0.09859859990930153,0.42438062548526556
Student-t5,2,oracle,3000000,2.7284841053187848e-18,1.0,-0.0039222112480717,0.617180650652414,0.0104389177737899,0.026209962667616,7.15936302869712e-05,0.9883799964780884,0.9988867853762836,0.2008648478552652,0.947839,0.985047,0.048157,0.0062793333333333,1.923824745242796,0.9597103963439706,,,1.0402896036560294,0.8263737995237533,-0.0021088898872689,4.478725792784679,conventional first-shift correction; outside Lean,0.001272155081936458,0.001836635806862945,0.004528098481744421,0.012446955333580579,0.00020961620792482122,0.00012109665416913707,8.130968385606073e-05,0.028966493476420947,0.11289841806365741
Student-t5,3,asymptotic,3000000,-0.0017849820123925,1.691043850276166,-0.0007176051564458,0.4370364771014037,0.0553367165642513,0.2148406814966525,-0.0017408345988912,1.2898075932438795,0.9992947871303944,0.963660140296846,0.872533,0.9497556666666668,0.120306,0.0250116666666666,1.923824745242796,0.9597103963439706,,,2.0402896036560296,1.774052162816515,-0.0019826165319446,2.0862417283900934,conventional first-shift correction; outside Lean,0.0019519026368688196,0.0031280168627703703,0.003961411395505963,0.010170269212476333,0.0003213963127943996,0.00021722440631578396,0.000151715677791471,0.2644375645622762,0.8228419328472603
Student-t5,3,corrected,3000000,-0.0014720383514393,1.1500730623483086,-0.0007176051564456,0.4370364771014028,0.0108318741898205,0.0402520538007035,-0.0014356308776722,1.0636780819363625,0.9992947871303944,0.3431156324125468,0.931419,0.979711,0.063634,0.0084143333333333,1.923824745242796,0.9597103963439706,,,2.0402896036560296,1.774052162816515,-0.0019826165319446,2.0862417283900934,conventional first-shift correction; outside Lean,0.0016096943945643068,0.0021273534283903777,0.003961411395505963,0.010170269212476341,0.00025974503877031733,0.00014581020559565133,9.22707116858885e-05,0.05951450256117563,0.27701459846802523
Student-t5,3,oracle,3000000,-1.2126596023639045e-17,1.0,-0.0007176051564458,0.4370364771014032,0.0089245795859015,0.0216407890806761,3.394906592663458e-05,0.9918534188737562,0.9992947871303944,0.1463448401118632,0.9475676666666668,0.986158,0.0482393333333333,0.005265,1.923824745242796,0.9597103963439706,,,2.0402896036560296,1.774052162816515,-0.0019826165319446,2.0862417283900934,conventional first-shift correction; outside Lean,0.0015010000823595508,0.0018497550269081016,0.003961411395505964,0.010170269212476322,0.00022403801591935072,0.00012255559695725527,7.28086856909386e-05,0.023062957145321427,0.08828461378429875
Student-t5,5,asymptotic,3000000,-0.0023093081535611,1.3262601964992076,0.0032376531780034,0.2666557948038313,0.0293617312639166,0.1070927256510847,-0.0023466978687479,1.1459068732717177,0.9996898167117804,0.4998446579138789,0.9115853333333334,0.9719813333333334,0.082458,0.011741,1.923824745242796,0.9597103963439706,,,4.04028960365603,3.769999290635416,-0.0019868377057031,0.9817247604268662,conventional first-shift correction; outside Lean,0.0021982070163663824,0.002755004363762226,0.0037580902191444838,0.008342798811936114,0.0003355499215535095,0.00018182757815901702,0.00011541034612641622,0.13211348202432877,0.4338661904169574
Student-t5,5,corrected,3000000,-0.0020758842543301,1.0716950567317105,0.0032376531780032,0.266655794803829,0.0053655615424504,0.0180573744212733,-0.0021094946327937,1.030079087316762,0.9996898167117804,0.188956824369078,0.940313,0.9843906666666666,0.0548936666666666,0.0056386666666666,1.923824745242796,0.9597103963439706,,,4.04028960365603,3.769999290635416,-0.0019868377057031,0.9817247604268662,conventional first-shift correction; outside Lean,0.001976013173467604,0.0022262030977871043,0.0037580902191444833,0.008342798811936116,0.00027261232854622347,0.00013204258307971794,8.116837332599809e-05,0.031589701617556504,0.15973555567890196
Student-t5,5,oracle,3000000,-2.3950027146687108e-17,1.0,0.0032376531780031,0.2666557948038313,0.0058602599608666,0.0142934306652585,-3.246667316167875e-05,0.995027208479084,0.9996898167117804,0.0968809942498345,0.948279,0.9873806666666668,0.0474343333333333,0.0043486666666666,1.923824745242796,0.9597103963439706,,,4.04028960365603,3.769999290635416,-0.0019868377057031,0.9817247604268662,conventional first-shift correction; outside Lean,0.001908772730291086,0.002077272899416214,0.0037580902191444846,0.008342798811936114,0.0002544501960477923,0.00011992038274049196,7.538483775810736e-05,0.015124771231393238,0.06209375954859997
Student-t5,8,asymptotic,3000000,-0.0030357611921788,1.1766117223664747,0.0059224925498534,0.1631163392578574,0.0169495587080861,0.0596329921255563,-0.0031070462833846,1.0814106604776506,0.9998685183349176,0.2875375458271589,0.9288283333333334,0.9804836666666666,0.0657913333333333,0.0071356666666666,1.923824745242796,0.9597103963439706,,,7.04028960365603,6.799184342571315,-0.0020648481451278,0.5443449484425696,conventional first-shift correction; outside Lean,0.002611239213109119,0.00287980558750545,0.004084649255539681,0.007993617462853361,0.0003544598123632203,0.00017697220607183712,0.00010486151148558419,0.07331841042888032,0.2564836141652278
Student-t5,8,corrected,3000000,-0.0028478550019029,1.035460909564563,0.0059224925498535,0.1631163392578569,0.0026989043942284,0.00979715537414,-0.0029147277203745,1.014473986454155,0.9998685183349176,0.1103021435779245,0.9448223333333332,0.9868193333333334,0.0505736666666666,0.0043063333333333,1.923824745242796,0.9597103963439706,,,7.04028960365603,6.799184342571315,-0.0020648481451278,0.5443449484425696,conventional first-shift correction; outside Lean,0.0024496098946705067,0.0025343331672831437,0.004084649255539681,0.007993617462853366,0.0003075618687080482,0.00014209068870328178,8.170008220453657e-05,0.020456664436146077,0.10073437121583373
Student-t5,8,oracle,3000000,-1.0156024169797698e-17,1.0,0.0059224925498531,0.1631163392578574,0.0036736262849602,0.0091387075030696,-6.571766499224609e-05,0.9969515687250158,0.9998685183349176,0.0667048267705459,0.9488133333333332,0.9882203333333334,0.0468606666666666,0.003734,1.923824745242796,0.9597103963439706,,,7.04028960365603,6.799184342571315,-0.0020648481451278,0.5443449484425696,conventional first-shift correction; outside Lean,0.0024072992110837567,0.0024475411325270485,0.004084649255539682,0.007993617462853363,0.0002928876830471776,0.00013367037462270478,7.674008170191153e-05,0.009716336467077716,0.04619218810583847
Student-t5,13,asymptotic,3000000,-0.0038909272972474,1.0976508637867004,0.0080822625586819,0.0985854140996882,0.0099971210530377,0.0337414307928535,-0.0039865254528363,1.0457250560500564,0.9999449946017132,0.1692425399911341,0.9382406666666666,0.9848186666666666,0.0568186666666666,0.0050426666666666,1.923824745242796,0.9597103963439706,,,12.04028960365603,11.843474486187992,-0.0020760936801327,0.312501340271791,conventional first-shift correction; outside Lean,0.003210137824386554,0.0032681551959000688,0.004805729458067925,0.009232196898511076,0.0004049420329245749,0.00019259177756722717,0.00010785947378386887,0.041602777496742044,0.15705422521458878
Student-t5,13,corrected,3000000,-0.0037445523487196,1.016618021822698,0.0080822625586819,0.0985854140996869,0.0022824041828434,0.0066511889901784,-0.0038365541443575,1.0063853461146266,0.9999449946017132,0.0659741622736831,0.9473936666666668,0.9882163333333334,0.048157,0.0035886666666666,1.923824745242796,0.9597103963439706,,,12.04028960365603,11.843474486187992,-0.0020760936801327,0.312501340271791,conventional first-shift correction; outside Lean,0.0030893738720135203,0.0030268873098715406,0.004805729458067926,0.009232196898511076,0.00037125668306937714,0.00016969320261395307,8.907481282829383e-05,0.016285652884704332,0.06728739577810217
Student-t5,13,oracle,3000000,-1.6674069532503684e-17,1.0,0.0080822625586818,0.0985854140996864,0.0024277231005884,0.0056995025210448,-9.124674932138292e-05,0.9981260774410748,0.9999449946017132,0.0480070591862253,0.9492386666666668,0.988852,0.0464046666666666,0.0033393333333333,1.923824745242796,0.9597103963439706,,,12.04028960365603,11.843474486187992,-0.0020760936801327,0.312501340271791,conventional first-shift correction; outside Lean,0.003064019797711344,0.0029774086676573187,0.0048057294580679255,0.009232196898511076,0.00036350113165806717,0.00016497374057265708,8.55067908743579e-05,0.006455505247758905,0.0357377817130331
Student-t5,21,asymptotic,3000000,-0.0048463457216883,1.0553358609540602,0.0083605862681634,0.0608730891125723,0.0064852378676798,0.0198393893988001,-0.0049559468649568,1.0261325757335278,0.9999741443313818,0.1060601513467864,0.943155,0.9870003333333334,0.0520783333333333,0.0039873333333333,1.923824745242796,0.9597103963439706,,,20.040289603656028,19.89887843005285,-0.0020345588254326,0.185995490319636,conventional first-shift correction; outside Lean,0.00399733520636394,0.003877364490137929,0.005847270398564676,0.011509641032963319,0.000478505769430952,0.00022528185823237487,0.00011789354403622684,0.025079521741206045,0.10109525161892918
Student-t5,21,corrected,3000000,-0.0047343105381134,1.0071064896496684,0.0083605862681635,0.060873089112571,0.0027820904177416,0.0059224772394007,-0.0048413779817841,1.002411001150023,0.9999741443313818,0.0440616901016128,0.9486586666666668,0.988933,0.0468943333333333,0.0032236666666666,1.923824745242796,0.9597103963439706,,,20.040289603656028,19.89887843005285,-0.0020345588254326,0.185995490319636,conventional first-shift correction; outside Lean,0.0039049269859492944,0.003700167013395057,0.0058472703985646725,0.011509641032963312,0.00045018088795394307,0.00020783557150268984,0.00010560593604959983,0.014607953581273968,0.04835939365448594
Student-t5,21,oracle,3000000,2.0615213240186374e-17,1.0000000000000002,0.0083605862681637,0.0608730891125715,0.0014987140367267,0.0037896345006177,-0.0001066890225744,0.9988680617013912,0.9999741443313818,0.039519477818831,0.9494603333333334,0.9891976666666666,0.0461376666666666,0.0031196666666666,1.923824745242796,0.9597103963439706,,,20.040289603656028,19.89887843005285,-0.0020345588254326,0.185995490319636,conventional first-shift correction; outside Lean,0.003891125341866506,0.003674057362774212,0.005847270398564673,0.011509641032963322,0.0004497536880026889,0.00020532424307296174,0.0001038772236982569,0.004597655304359458,0.02896152826647258
Student-t5,35,asymptotic,3000000,-0.0061029150818745,1.029898954556907,0.0052997332724945,0.0353955009788591,0.0046686971659259,0.0121339315459109,-0.0061670502361986,1.0142001060694097,0.999988460296698,0.0571424775716797,0.9463616666666668,0.9883483333333334,0.049096,0.003375,1.923824745242796,0.9597103963439706,,,34.04028960365603,33.98391642708098,-0.0019845809189669,0.1089074491561304,conventional first-shift correction; outside Lean,0.00509784188309283,0.004779427426883206,0.0072827685371888015,0.014072121503180827,0.0005826713825832214,0.00027798414103027394,0.00014015955131734664,0.016301873096049607,0.06434215080855266
Student-t5,35,corrected,3000000,-0.0060186616315715,1.00165881930342,0.0052997332724946,0.0353955009788573,0.003243825236576,0.0064235539828066,-0.0060819113716361,1.0001986236486773,0.999988460296698,0.0207931339983291,0.9495073333333334,0.9894593333333334,0.0461553333333333,0.002965,1.923824745242796,0.9597103963439706,,,34.04028960365603,33.98391642708098,-0.0019845809189669,0.1089074491561304,conventional first-shift correction; outside Lean,0.00502746391420617,0.004648374107164598,0.007282768537188799,0.01407212150318083,0.00056661478255442,0.00026342344979791093,0.00013081218301492755,0.013443648207589786,0.034540073034062146
Student-t5,35,oracle,3000000,1.5158245029548805e-17,1.0,0.0052997332724947,0.0353955009788591,0.0011905169764263,0.002382319901567,-6.319734529585568e-05,0.999370079917472,0.999988460296698,0.0246558218899708,0.9496966666666666,0.9895263333333332,0.0459603333333333,0.0029426666666666,1.923824745242796,0.9597103963439706,,,34.04028960365603,33.98391642708098,-0.0019845809189669,0.1089074491561304,conventional first-shift correction; outside Lean,0.00502329926769348,0.004640676064128503,0.007282768537188799,0.014072121503180818,0.0005650350537654381,0.0002630205788492531,0.0001301408732402139,0.0035829663954609777,0.022816127598367597
Student-t5,55,asymptotic,3000000,-0.0075118218852641,1.0168493548575468,0.0005829932761526,0.0182183555671211,0.0040384952452142,0.0090570679407593,-0.0075224973628534,1.0080723851129847,0.9999946152856928,0.0379255362250501,0.9479636666666666,0.9890413333333332,0.0475353333333333,0.003085,1.923824745242796,0.9597103963439706,,,54.04028960365603,54.08864128915644,-0.0019486302652057,0.0684265968269108,conventional first-shift correction; outside Lean,0.006348698284450062,0.0058664125959094334,0.00876434792932573,0.01587120134239408,0.0007087696682979909,0.00032125059582364176,0.00015982646020668465,0.012612015246727002,0.0386103891345857
Student-t5,55,corrected,3000000,-0.007445995524457,0.9991060658144112,0.0005829932761526,0.0182183555671215,0.0034526184824761,0.0074898462584754,-0.0074565774524587,0.9992386111556576,0.9999946152856928,0.0179414822279544,0.9499343333333332,0.989741,0.0456446666666666,0.0028213333333333,1.923824745242796,0.9597103963439706,,,54.04028960365603,54.08864128915644,-0.0019486302652057,0.0684265968269108,conventional first-shift correction; outside Lean,0.006293064416886257,0.005764047920317845,0.00876434792932573,0.015871201342394083,0.0006942132987276378,0.0003114225789624273,0.0001520704040740005,0.012359780864644399,0.023286454621287866
Student-t5,55,oracle,3000000,1.5764574830730758e-17,1.0,0.0005829932761527,0.0182183555671224,0.0008127249095005,0.0013864878152358,-1.0586660948695534e-05,0.9996855375971432,0.9999946152856928,0.0136893701421216,0.9498836666666668,0.98971,0.045742,0.0028343333333333,1.923824745242796,0.9597103963439706,,,54.04028960365603,54.08864128915644,-0.0019486302652057,0.0684265968269108,conventional first-shift correction; outside Lean,0.006295879096838059,0.005769205210078806,0.008764347929325731,0.01587120134239408,0.0006938663103659449,0.0003117331498558087,0.00015271997933611538,0.0034399498303250443,0.013681423726797703
Student-t5,89,asymptotic,3000000,-0.0094238005130747,1.0091745082811112,-0.0041616383920199,0.0040977066732992,0.0040541581032724,0.0094631702965051,-0.0094177972432312,1.0045121564930923,0.9999965574784594,0.0318177970723874,0.949165,0.9894263333333332,0.0463236666666666,0.0028743333333333,1.923824745242796,0.9597103963439706,,,88.04028960365603,88.19089193165446,-0.0019217486623627,0.0419669375072968,conventional first-shift correction; outside Lean,0.008035408073682943,0.0074785580734144175,0.01065151355598184,0.017576857526628773,0.000872998072880493,0.0003795857751217911,0.00017480843499975118,0.010369506938432308,0.018814014162181092
Student-t5,89,corrected,3000000,-0.0093728531369394,0.9982923142662496,-0.0041616383920197,0.0040977066732978,0.0038499228497275,0.0093668823222446,-0.0093668823222446,0.9990815174851556,0.9999965574784594,0.0177202174940545,0.9503766666666666,0.9898283333333332,0.0451433333333333,0.0027193333333333,1.923824745242796,0.9597103963439706,,,88.04028960365603,88.19089193165446,-0.0019217486623627,0.0419669375072968,conventional first-shift correction; outside Lean,0.007991966687486116,0.0073979148157434305,0.010651513555981842,0.017576857526628773,0.0008617689816753556,0.0003747900952187942,0.00016970693693672175,0.010788703920931694,0.018514916105099477
Student-t5,89,oracle,3000000,-1.3339255626002949e-17,1.0000000000000002,-0.0041616383920199,0.0040977066732983,0.0008158508904313,0.0011315858648796,5.975919371193512e-06,0.9999356702364512,0.9999965574784594,0.0105566751812009,0.9502173333333334,0.98978,0.0453403333333333,0.0027396666666666,1.923824745242796,0.9597103963439706,,,88.04028960365603,88.19089193165446,-0.0019217486623627,0.0419669375072968,conventional first-shift correction; outside Lean,0.007998799323477182,0.007410569739967335,0.010651513555981842,0.017576857526628766,0.0008648496834626566,0.0003764281473100276,0.00017011380887438233,0.0037062513852428734,0.011221005202545209
Student-t5,144,asymptotic,3000000,-0.0118844679428536,1.005673595147315,-0.0058172711792167,-0.0025350530797818,0.0045327910291282,0.0119055501834754,-0.0119055501834754,1.0028929749000002,0.99999552102846,0.0240255650259115,0.949196,0.9897733333333332,0.0461986666666666,0.0027846666666666,1.923824745242796,0.9597103963439706,,,143.04028960365602,143.18761146245103,-0.0019053027927088,0.0258479180748054,conventional first-shift correction; outside Lean,0.010175604724288826,0.009628082948753818,0.012892724539291345,0.02031985573900483,0.001134794594355608,0.0004385283549463061,0.00020431149722896603,0.008098788380591901,0.012956824028885199
Student-t5,144,corrected,3000000,-0.0118447987945581,0.998971127059874,-0.0058172711792166,-0.0025350530797814,0.0044183402233372,0.0118658106647996,-0.0118658106647996,0.9995454198948376,0.99999552102846,0.0211439669120423,0.949984,0.9900226666666668,0.0454696666666666,0.0026956666666666,1.923824745242796,0.9597103963439706,,,143.04028960365602,143.18761146245103,-0.0019053027927088,0.0258479180748054,conventional first-shift correction; outside Lean,0.010141639588050092,0.009563915092484505,0.012892724539291347,0.02031985573900483,0.001124769401225728,0.00043324156364823476,0.00020035354295765162,0.00843440118553113,0.01620482513428456
Student-t5,144,oracle,3000000,1.8189894035458564e-18,1.0,-0.0058172711792166,-0.0025350530797809,0.0008299564445987,0.0014480719507967,-2.1022687862028187e-05,1.0000600196396945,0.99999552102846,0.0080513722003647,0.9498486666666668,0.9900056666666668,0.045549,0.0027043333333333,1.923824745242796,0.9597103963439706,,,143.04028960365602,143.18761146245103,-0.0019053027927088,0.0258479180748054,conventional first-shift correction; outside Lean,0.010146860846674828,0.009573765280516747,0.012892724539291347,0.02031985573900484,0.0011301634831057264,0.00043622854471343764,0.0002018421257972779,0.0037095284584268045,0.009662405816119213
Student-t5,233,asymptotic,3000000,-0.0150404486612399,1.0046072182698322,-0.002675407293797,-0.0060701405521581,0.0064865345938274,0.0150965568065947,-0.0150965568065947,1.002523751955713,0.9999947931971628,0.0275840636894111,0.949019,0.9899746666666668,0.046335,0.002701,1.923824745242796,0.9597103963439706,,,232.040289603656,231.93144122663207,-0.0018956071478009,0.0159577400581578,conventional first-shift correction; outside Lean,0.012875639676928468,0.012249668166679014,0.015378166044937356,0.024825894295609042,0.0014680549163254395,0.0005410425632653018,0.00024412306640960544,0.004908615403697894,0.008324759735360315
Student-t5,233,corrected,3000000,-0.0150094414310264,1.0004693127264173,-0.0026754072937971,-0.006070140552159,0.0065682072236736,0.015065433904421,-0.015065433904421,1.0004569595699613,0.9999947931971628,0.0252993321249039,0.9494906666666668,0.990118,0.0458813333333333,0.0026463333333333,1.923824745242796,0.9597103963439706,,,232.040289603656,231.93144122663207,-0.0018956071478009,0.0159577400581578,conventional first-shift correction; outside Lean,0.012849095394068288,0.012199212656415815,0.015378166044937358,0.02482589429560903,0.0014585452951920335,0.0005352300283486276,0.00024134529754459212,0.005061617035606006,0.008456519215114311
Student-t5,233,oracle,3000000,2.4253192047278088e-18,1.0,-0.002675407293797,-0.0060701405521581,0.0010814970806505,0.0015882157425056,-5.597933902734626e-05,1.000222278579134,0.9999947931971628,0.0108581917579675,0.949533,0.990156,0.045829,0.0026393333333333,1.923824745242796,0.9597103963439706,,,232.040289603656,231.93144122663207,-0.0018956071478009,0.0159577400581578,conventional first-shift correction; outside Lean,0.012846081332934045,0.012193490096334168,0.015378166044937356,0.02482589429560903,0.0014619783895524307,0.0005365979577275213,0.00024225006431186788,0.0027472078751368673,0.005755248774729438
Student-t5,377,asymptotic,3000000,-0.0190367824764976,1.0053302971856632,0.0033529994928918,-0.014730211837111,0.0091630498765843,0.0191129856310945,-0.0191129856310945,1.0033150112590832,0.999989753559416,0.0327860022134158,0.948811,0.9898116666666666,0.046569,0.002509,1.923824745242796,0.9597103963439706,,,376.0402896036561,375.0011325187151,-0.0018862027727088,0.0098695745944815,conventional first-shift correction; outside Lean,0.016269655022546587,0.015259022101956014,0.017986300611728664,0.028768883574653622,0.0018841806941764252,0.0007015527725068035,0.0002961448781098797,0.0,0.0
Student-t5,377,corrected,3000000,-0.019012536534839,1.0027710771910512,0.0033529994928919,-0.0147302118371106,0.0092122425529627,0.0190886426343141,-0.0190886426343141,1.0020371526052785,0.999989753559416,0.0296455047361767,0.94911,0.989909,0.046289,0.0024743333333333,1.923824745242796,0.9597103963439706,,,376.0402896036561,375.0011325187151,-0.0018862027727088,0.0098695745944815,conventional first-shift correction; outside Lean,0.01624893339550855,0.015220177958323934,0.017986300611728664,0.028768883574653632,0.0018782627988013973,0.0006974823097583396,0.00029441279940149555,0.0,0.0
Student-t5,377,oracle,3000000,-2.546585164964199e-17,1.0000000000000002,0.0033529994928916,-0.0147302118371119,0.0017384262666771,0.0028381056201549,-7.600087018541615e-05,1.000651670251092,0.999989753559416,0.0072542600000056,0.9494716666666668,0.990053,0.0459376666666666,0.0024226666666666,1.923824745242796,0.9597103963439706,,,376.0402896036561,375.0011325187151,-0.0018862027727088,0.0098695745944815,conventional first-shift correction; outside Lean,0.016226466553400654,0.015178118221118324,0.017986300611728668,0.028768883574653615,0.0018745474528525357,0.0006945800707582893,0.00029277597373584977,0.0,0.0
Student-t6,2,asymptotic,3000000,0.0014600996928318,2.486529572182018,0.0061930261083392,0.6098410876455342,0.0986089871098075,0.4222104906028638,0.0014221094706356,1.558659472611734,0.9989175312430292,1.8016019183262733,0.800918,0.902141,0.1905876666666666,0.0582023333333333,1.8856180831641265,1.2222222222222197,,,0.7777777777777803,0.8043338886353678,0.0019467995904424,4.420497017212474,conventional first-shift correction; outside Lean,0.0017933336522182935,0.004359478481672155,0.004125540249324753,0.012992008306213406,0.00030981835583542374,0.0002598468773161599,0.0002124156075791578,0.5175770470830755,1.534700641319323
Student-t6,2,corrected,3000000,0.0009105321335184,0.9669837225152323,0.0061930261083395,0.6098410876455342,0.0143004600155075,0.034888226586055,0.0008868410676008,0.9719949548604798,0.9989175312430292,0.1539786741884579,0.951252,0.986316,0.0449946666666666,0.005597,1.8856180831641265,1.2222222222222197,,,0.7777777777777803,0.8043338886353678,0.0019467995904424,4.420497017212474,conventional first-shift correction; outside Lean,0.001118340017795479,0.0016953527428725094,0.004125540249324755,0.012992008306213401,0.00019993471883981577,0.00011699709875432147,7.547819628994354e-05,0.04037175690850475,0.09015394593390891
Student-t6,2,oracle,3000000,-1.5196140642122677e-17,1.0,0.0061930261083393,0.6098410876455334,0.0102730639368497,0.0256945836389018,-2.409212009190148e-05,0.9884493700155076,0.9989175312430292,0.1992642784247071,0.9479976666666666,0.9850033333333332,0.048094,0.0062026666666666,1.8856180831641265,1.2222222222222197,,,0.7777777777777803,0.8043338886353678,0.0019467995904424,4.420497017212474,conventional first-shift correction; outside Lean,0.0011372718351318457,0.0017532381397927874,0.004125540249324753,0.012992008306213406,0.00020678116374574958,0.00012229976809119457,7.824580531906541e-05,0.031575751164187246,0.11624272738292296
Student-t6,3,asymptotic,3000000,0.0008593394629613,1.7311173917546654,0.0063208521215903,0.4333050223527479,0.0578881919511932,0.2268201688024322,0.0008291547931272,1.305092208151882,0.9992933823653428,1.0100082112407218,0.8686313333333333,0.947389,0.1241363333333333,0.0266513333333333,1.8856180831641265,1.2222222222222197,,,1.7777777777777803,1.7329847266794491,0.0009355303111523,2.051694686524048,conventional first-shift correction; outside Lean,0.0017660755277566994,0.003046585637023466,0.0036298843852583034,0.010649642808810103,0.000318069654051418,0.00021533802722368002,0.00016346508914566682,0.28363587411776003,0.8689175282173109
Student-t6,3,corrected,3000000,0.0006615198270213,1.0258473432620256,0.0063208521215902,0.4333050223527475,0.0059206893861475,0.0165423956479111,0.0006382836573491,1.0046604502583636,0.9992933823653428,0.1845497023631646,0.9448753333333332,0.9850233333333334,0.050788,0.0057553333333333,1.8856180831641265,1.2222222222222197,,,1.7777777777777803,1.7329847266794491,0.0009355303111523,2.051694686524048,conventional first-shift correction; outside Lean,0.001359525575146055,0.0018053840811990936,0.0036298843852583034,0.010649642808810105,0.00022178812691453067,0.00012245857415921484,7.682566409956853e-05,0.026334487452079402,0.1401562139647794
Student-t6,3,oracle,3000000,-7.654913739922146e-18,1.0,0.0063208521215903,0.4333050223527475,0.0089338650157426,0.0215114118842685,-2.2941571829506306e-05,0.9919229463807488,0.9992933823653428,0.1488993341435427,0.947634,0.9860806666666668,0.048175,0.0052753333333333,1.8856180831641265,1.2222222222222197,,,1.7777777777777803,1.7329847266794491,0.0009355303111523,2.051694686524048,conventional first-shift correction; outside Lean,0.0013422889433261334,0.0017598954591608836,0.003629884385258304,0.010649642808810105,0.0002152888072011832,0.00011742911170959664,7.336307504135155e-05,0.026608359419457002,0.09314148650288123
Student-t6,5,asymptotic,3000000,0.0003047521006326,1.351352202945136,0.0063927294624701,0.2651198691258418,0.0313172859989232,0.1156245909668798,0.0002973935595538,1.1566743929791636,0.999690665218812,0.5339131033325342,0.908819,0.970532,0.08514,0.01247,1.8856180831641265,1.2222222222222197,,,3.77777777777778,3.699997668337688,0.0002569895359253,0.9609615665387626,conventional first-shift correction; outside Lean,0.001996769459202389,0.0026925431187771794,0.0034789328570841095,0.009117126754456186,0.0003359883781128103,0.00018658305282660004,0.0001207091610884635,0.14695731014078567,0.4652607140059746
Student-t6,5,corrected,3000000,0.0002648987503246,1.0210216644474366,0.0063927294624702,0.2651198691258418,0.0036101254318956,0.0104462369698069,0.0002585025078313,1.005412597966144,0.999690665218812,0.1272427202513837,0.9459156666666668,0.9865226666666668,0.0496783333333333,0.0046886666666666,1.8856180831641265,1.2222222222222197,,,3.77777777777778,3.699997668337688,0.0002569895359253,0.9609615665387626,conventional first-shift correction; outside Lean,0.0017356459014756537,0.0020343659119649803,0.003478932857084111,0.009117126754456186,0.00025763876000586404,0.0001246519669171402,7.352427940887646e-05,0.02095430563853736,0.105670427025367
Student-t6,5,oracle,3000000,6.2906716872627545e-18,1.0,0.0063927294624701,0.2651198691258436,0.0059275530988098,0.0141753888832189,-6.330054390524332e-06,0.9950086221296665,0.999690665218812,0.0990092640386155,0.9482196666666668,0.9873696666666668,0.04752,0.0043306666666666,1.8856180831641265,1.2222222222222197,,,3.77777777777778,3.699997668337688,0.0002569895359253,0.9609615665387626,conventional first-shift correction; outside Lean,0.0017176854959106522,0.001992480652274848,0.003478932857084109,0.00911712675445618,0.00025440298543731533,0.00012093024879126164,7.145316222595348e-05,0.01883601401903358,0.06426647147879372
Student-t6,8,asymptotic,3000000,-0.0002529526521917,1.1942203208463729,0.0056091928063332,0.1569418241222728,0.0186394421309076,0.0660832862327347,-0.000256133277344,1.0895053052871415,0.9998841089602664,0.3086050587930367,0.9268083333333332,0.9797543333333332,0.067742,0.0074413333333333,1.8856180831641265,1.2222222222222197,,,6.77777777777778,6.698931395113265,-0.0001686351014611,0.5307645870428319,conventional first-shift correction; outside Lean,0.0023787969914019673,0.002844954395884965,0.0037112092116733664,0.008499069229495212,0.00036081230748586686,0.00018333836420195607,0.00010874241195702594,0.08524984038208412,0.2723194189817928
Student-t6,8,corrected,3000000,-0.000232829446976,1.011769994050399,0.0056091928063329,0.1569418241222728,0.0024762225120638,0.0064595570892978,-0.000235757043065,1.002831618919775,0.9998841089602664,0.079138934988352,0.9476486666666668,0.9878906666666668,0.0479363333333333,0.0039226666666666,1.8856180831641265,1.2222222222222197,,,6.77777777777778,6.698931395113265,-0.0001686351014611,0.5307645870428319,conventional first-shift correction; outside Lean,0.0021895559630528017,0.002410308585402537,0.0037112092116733664,0.00849906922949522,0.0002976899973072664,0.00013948943717424656,7.725674729697508e-05,0.016114081029229056,0.07038848263460062
Student-t6,8,oracle,3000000,-1.811410281031082e-17,1.0,0.005609192806333,0.1569418241222737,0.0035036801632318,0.0086685800484952,-2.910517806176661e-06,0.996981548936592,0.9998841089602664,0.0638825120283668,0.9489726666666668,0.9883396666666666,0.0467183333333333,0.003737,1.8856180831641265,1.2222222222222197,,,6.77777777777778,6.698931395113265,-0.0001686351014611,0.5307645870428319,conventional first-shift correction; outside Lean,0.0021767830753872215,0.002382269290032409,0.0037112092116733664,0.00849906922949522,0.000295296835504133,0.00013587217883719282,7.399878542468177e-05,0.01274120702848309,0.0451113610559557
Student-t6,13,asymptotic,3000000,-0.0008979004844556,1.1110591103843308,0.0040068874565595,0.0851055493939751,0.0114298454175622,0.0389817201709333,-0.0008978097917883,1.0521831278282214,0.9999701701592332,0.1724947667448861,0.9367883333333332,0.984652,0.05816,0.0051986666666666,1.8856180831641265,1.2222222222222197,,,11.77777777777778,11.700547593280724,-0.0004695807273337,0.3038794148059706,conventional first-shift correction; outside Lean,0.002931551431045201,0.0032581933272311566,0.004374599374891916,0.008417106262306365,0.00040157784713125525,0.0001867595630227636,0.00010626972389899367,0.051308341835578995,0.15826560247387578
Student-t6,13,corrected,3000000,-0.0008546498242194,1.0066005615447784,0.0040068874565595,0.0851055493939751,0.0016200162244266,0.0033230973230249,-0.000854563500096,1.0015008799000888,0.9999701701592332,0.0401116879504259,0.948679,0.9888946666666668,0.046824,0.0034116666666666,1.8856180831641265,1.2222222222222197,,,11.77777777777778,11.700547593280724,-0.0004695807273337,0.3038794148059706,conventional first-shift correction; outside Lean,0.002790342536402517,0.0029518674588589985,0.0043745993748919125,0.008417106262306366,0.00035984106681733553,0.0001604850994081809,8.223806232339272e-05,0.013012071569680117,0.042972818116206124
Student-t6,13,oracle,3000000,2.804275330466529e-18,1.0000000000000002,0.0040068874565598,0.0851055493939734,0.0019379802214823,0.004455165526977,8.604063219522784e-08,0.9982119186198486,0.9999701701592332,0.032372696255857,0.9494263333333334,0.9891433333333334,0.0461116666666666,0.0033143333333333,1.8856180831641265,1.2222222222222197,,,11.77777777777778,11.700547593280724,-0.0004695807273337,0.3038794148059706,conventional first-shift correction; outside Lean,0.0027811789612674164,0.0029325112379521394,0.004374599374891913,0.00841710626230636,0.00035521933264868474,0.00015803628422629229,8.039570185808577e-05,0.008340122612890645,0.02641757979988446
Student-t6,21,asymptotic,3000000,-0.0016337033160906,1.067098975046994,0.0021443252918315,0.0403687672894084,0.0078380440577991,0.0245764231673753,-0.001621712373225,1.0319756811842558,0.9999954495740322,0.1017012895046396,0.9424786666666668,0.9869403333333332,0.0526656666666666,0.0040536666666666,1.8856180831641265,1.2222222222222197,,,19.77777777777778,19.67952410325873,-0.0006722290520452,0.1806728423359988,conventional first-shift correction; outside Lean,0.0036582347416710824,0.003908112897278415,0.005341812350649355,0.00923917223142241,0.00047125316330066643,0.000206774850646306,0.00010505891031424477,0.03296251941504309,0.0941505725392604
Student-t6,21,corrected,3000000,-0.0015854490483537,1.0049926854939943,0.0021443252918316,0.0403687672894075,0.0011246596457137,0.0021611364089412,-0.0015738122788327,1.0014944852857444,0.9999954495740322,0.0226157683831864,0.9495943333333332,0.9894013333333334,0.045899,0.0031056666666666,1.8856180831641265,1.2222222222222197,,,19.77777777777778,19.67952410325873,-0.0006722290520452,0.1806728423359988,conventional first-shift correction; outside Lean,0.0035501824185042645,0.003680656591087608,0.005341812350649353,0.00923917223142241,0.00043904570412238154,0.0001819995716901677,8.900637923160835e-05,0.01115831086163872,0.028349965060372462
Student-t6,21,oracle,3000000,-1.7962520360015332e-17,1.0,0.0021443252918314,0.0403687672894088,0.0007255635269021,0.0017453604305623,1.1607828481032566e-05,0.9990037345716996,0.9999954495740322,0.016347691970779,0.9501806666666668,0.9896016666666668,0.0453623333333333,0.003039,1.8856180831641265,1.2222222222222197,,,19.77777777777778,19.67952410325873,-0.0006722290520452,0.1806728423359988,conventional first-shift correction; outside Lean,0.0035413529945545626,0.0036623715219165193,0.0053418123506493555,0.009239172231422399,0.00043787218059461723,0.00017968220767049963,8.806404340995418e-05,0.005287206108669745,0.01847723758480324
Student-t6,35,asymptotic,3000000,-0.002575239929913,1.0415683545537386,0.000382206676632,0.0085706300549555,0.005855143840423,0.0163843646324235,-0.0025541716844966,1.0201828426587227,0.9999980147285984,0.0632824810818033,0.945696,0.988228,0.0495986666666666,0.0034446666666666,1.8856180831641265,1.2222222222222197,,,33.77777777777778,33.60317145483534,-0.0008208001173686,0.10581011855784,conventional first-shift correction; outside Lean,0.004672994534744303,0.004886173210308687,0.0066188564046381895,0.011562320794122878,0.0005978948993307473,0.00024422602754526604,0.00011437129659396212,0.022378686014828994,0.058614632961682345
Student-t6,35,corrected,3000000,-0.0025298758685729,1.0051961262994809,0.0003822066766321,0.0085706300549586,0.0018134988991874,0.0028340965581392,-0.0025091787501983,1.0022118425530706,0.9999980147285984,0.0167932870106461,0.9498313333333334,0.989658,0.045709,0.0029076666666666,1.8856180831641265,1.2222222222222197,,,33.77777777777778,33.60317145483534,-0.0008208001173686,0.10581011855784,conventional first-shift correction; outside Lean,0.004590677540411459,0.004715544939472509,0.006618856404638187,0.011562320794122885,0.0005689508035588616,0.00022582807094452756,0.00010232733012162326,0.010252122123757328,0.02571946240898426
Student-t6,35,oracle,3000000,-2.2888949994618695e-17,1.0,0.0003822066766319,0.0085706300549581,0.000491875942044,0.0010719733892305,2.064355460686897e-05,0.9996181364495722,0.9999980147285984,0.0075602980900399,0.95043,0.9898603333333332,0.0451673333333333,0.0028373333333333,1.8856180831641265,1.2222222222222197,,,33.77777777777778,33.60317145483534,-0.0008208001173686,0.10581011855784,conventional first-shift correction; outside Lean,0.00457879695005102,0.004691169032686458,0.0066188564046381895,0.011562320794122888,0.0005643609615653053,0.0002228690271386035,0.00010096562291141213,0.003437935083997936,0.01222515069356378
Student-t6,55,asymptotic,3000000,-0.0035685231430686,1.0287706344441598,-1.0332141143761606e-05,-0.0120348469863609,0.0052982156292772,0.012445977031688,-0.0035214349807947,1.014356450331568,0.9999945514042268,0.0388072993755965,0.94714,0.9889366666666668,0.048196,0.0030813333333333,1.8856180831641265,1.2222222222222197,,,53.77777777777778,53.46186813518084,-0.0009073208842061,0.0665063844489153,conventional first-shift correction; outside Lean,0.005824669235898783,0.006050985102249685,0.007966317238529337,0.014538628192845434,0.0007411444195369886,0.00030309859547772536,0.00013771343052535666,0.017133978400450545,0.043603956164829816
Student-t6,55,corrected,3000000,-0.0035286501246388,1.005909064789845,-1.0332141143876469e-05,-0.01203484698636,0.0028789794698086,0.0039396801551941,-0.0034820881035967,1.003022502976626,0.9999945514042268,0.0095925656395792,0.9497573333333332,0.9898136666666668,0.0457126666666666,0.002753,1.8856180831641265,1.2222222222222197,,,53.77777777777778,53.46186813518084,-0.0009073208842061,0.0665063844489153,conventional first-shift correction; outside Lean,0.0057595870900140275,0.0059165187666441335,0.007966317238529336,0.01453862819284542,0.0007198614306576374,0.00028877730952552445,0.00012710197771854332,0.00988005359151594,0.024772608902120075
Student-t6,55,oracle,3000000,-6.063298011819522e-19,1.0,-1.033214114385421e-05,-0.0120348469863609,0.0011160184524575,0.0019221838587933,4.64250587338842e-05,1.0000721096280991,0.9999945514042268,0.0060949516524431,0.9504216666666668,0.9900306666666666,0.045075,0.0026723333333333,1.8856180831641265,1.2222222222222197,,,53.77777777777778,53.46186813518084,-0.0009073208842061,0.0665063844489153,conventional first-shift correction; outside Lean,0.005742645249337259,0.0058817630477166595,0.00796631723852934,0.014538628192845423,0.0007160533286011708,0.00028525978076960674,0.00012463620826044265,0.002755830792567283,0.008836845401205995
Student-t6,89,asymptotic,3000000,-0.0048193208253006,1.0202814120073431,0.0010608741808993,-0.0302719166601477,0.0052021280762,0.0101571645511121,-0.0047464190513837,1.0104988316761032,0.9999874163837936,0.0218117792514096,0.9484426666666668,0.9894393333333332,0.0469476666666666,0.0028256666666666,1.8856180831641265,1.2222222222222197,,,87.77777777777779,87.23083548576835,-0.0009632623141334,0.0407603060976716,conventional first-shift correction; outside Lean,0.007374676060380795,0.00770014082992917,0.00981451618682946,0.017563778707446846,0.0009730706858330959,0.0003857125829240532,0.00016668566558379017,0.013424879739440301,0.03228444094246208
Student-t6,89,corrected,3000000,-0.0047861149622029,1.0062700567862688,0.0010608741808994,-0.0302719166601472,0.0037820692002807,0.0052607267306496,-0.0047137154927417,1.003536339017613,0.9999874163837936,0.0119590867699492,0.9500443333333334,0.9899696666666666,0.0454493333333333,0.002632,1.8856180831641265,1.2222222222222197,,,87.77777777777779,87.23083548576835,-0.0009632623141334,0.0407603060976716,conventional first-shift correction; outside Lean,0.007323863405957461,0.007594396074461975,0.00981451618682946,0.01756377870744685,0.0009590326347584346,0.00037429002871607026,0.0001601140954451213,0.009291952008775112,0.02179138188059837
Student-t6,89,oracle,3000000,2.4253192047278088e-18,1.0,0.0010608741808994,-0.0302719166601477,0.0015517494177547,0.0029854557437019,7.217355687890165e-05,1.000404941959153,0.9999874163837936,0.0113766740883596,0.9507686666666668,0.990214,0.0447793333333333,0.0025483333333333,1.8856180831641265,1.2222222222222197,,,87.77777777777779,87.23083548576835,-0.0009632623141334,0.0407603060976716,conventional first-shift correction; outside Lean,0.007301010297968932,0.00754707548261572,0.009814516186829462,0.017563778707446853,0.0009554487215194602,0.0003694165486106916,0.0001571759924797159,0.0019496921885123004,0.006304129977396489
Student-t6,144,asymptotic,3000000,-0.0063204481115397,1.0134143373361064,0.0029342804367719,-0.0404433376978365,0.0061734161085137,0.0087675406180589,-0.006237625842941,1.0071917070522172,0.9999734197168793,0.0185746695481654,0.949592,0.9899153333333334,0.0459316666666666,0.0026806666666666,1.8856180831641265,1.2222222222222197,,,142.77777777777777,142.0939044325375,-0.0009931626044016,0.0250225762305211,conventional first-shift correction; outside Lean,0.00933690945642528,0.009773021264193616,0.012207849132525374,0.02050585706331135,0.0012472525170095815,0.00047876828343813036,0.00020493035750041342,0.010367167196866946,0.024550005793361196
Student-t6,144,corrected,3000000,-0.0062935680634943,1.0048128267568646,0.0029342804367719,-0.0404433376978357,0.0054556193721911,0.0065438185964486,-0.0062110980272879,1.0029082510378986,0.9999734197168793,0.0163727905236683,0.9505563333333332,0.9902403333333332,0.045028,0.0025796666666666,1.8856180831641265,1.2222222222222197,,,142.77777777777777,142.0939044325375,-0.0009931626044016,0.0250225762305211,conventional first-shift correction; outside Lean,0.009297200788565683,0.009690071238031478,0.01220784913252537,0.02050585706331135,0.0012354543431358517,0.0004675084299277601,0.00020093932847730972,0.008309271211515801,0.01955536250027934
Student-t6,144,oracle,3000000,-3.334813906500737e-18,1.0000000000000002,0.002934280436772,-0.0404433376978365,0.0028041615200959,0.0042976576112079,8.227229270121967e-05,1.0005035159124294,0.9999734197168793,0.0162312800753987,0.9510943333333334,0.990416,0.044519,0.002526,1.8856180831641265,1.2222222222222197,,,142.77777777777777,142.0939044325375,-0.0009931626044016,0.0250225762305211,conventional first-shift correction; outside Lean,0.009274908315369196,0.009643657982857535,0.012207849132525372,0.02050585706331136,0.0012313503701821668,0.0004630431248032671,0.00019843430782016946,0.0027338051467454506,0.010267335251094245
Student-t6,233,asymptotic,3000000,-0.0081712862701202,1.005230663364638,0.0053209235124771,-0.0382930787004913,0.0068171145840448,0.008153209902943,-0.0081356484649556,1.0030853438194764,0.9999654562818898,0.0193446787047734,0.950186,0.9900396666666668,0.045388,0.0025186666666666,1.8856180831641265,1.2222222222222197,,,231.77777777777777,231.78759710743265,-0.001009406738482,0.0153397144624074,conventional first-shift correction; outside Lean,0.011816720784345307,0.01216446785126171,0.015012904096344324,0.024423060454357208,0.0015815699911790996,0.0006371062629916789,0.0002531062268514378,0.00656693919238608,0.015675880268770204
Student-t6,233,corrected,3000000,-0.0081498264863882,0.9999576365181856,0.0053209235124772,-0.0382930787004922,0.006352225135518,0.008311529179321,-0.0081142822747616,1.0004509979121785,0.9999654562818898,0.0203739871700525,0.9507643333333332,0.9902383333333332,0.044809,0.0024546666666666,1.8856180831641265,1.2222222222222197,,,231.77777777777777,231.78759710743265,-0.001009406738482,0.0153397144624074,conventional first-shift correction; outside Lean,0.011785687203575996,0.0121006580532818,0.015012904096344322,0.024423060454357208,0.0015704574847668264,0.0006290451497828978,0.0002488544458009153,0.005869512018428748,0.014123741225272601
Student-t6,233,oracle,3000000,-1.637090463191271e-17,1.0,0.0053209235124769,-0.0382930787004922,0.003485024991545,0.0050186176324771,3.554496453886331e-05,1.0004721898793325,0.9999654562818898,0.0121698573383746,0.950756,0.9902246666666666,0.0448153333333333,0.002448,1.8856180831641265,1.2222222222222197,,,231.77777777777777,231.78759710743265,-0.001009406738482,0.0153397144624074,conventional first-shift correction; outside Lean,0.01178593685288079,0.012101170701006721,0.015012904096344324,0.02442306045435722,0.0015736697454401876,0.0006318660232363622,0.0002473372894035468,0.003360864827971259,0.011892462366967393
Student-t6,377,asymptotic,3000000,-0.010497719001695,0.9945564176256064,0.0078962352073302,-0.0347642480914509,0.0049822010042759,0.0111093895465498,-0.0105794231154457,0.9977563477391252,0.9999781234540628,0.0221202682288779,0.9514813333333332,0.9904686666666668,0.0441083333333333,0.002424,1.8856180831641265,1.2222222222222197,,,375.77777777777777,379.0634631869813,-0.0010194783395308,0.0093798424297139,conventional first-shift correction; outside Lean,0.014947291209666003,0.014859162302803014,0.017932041230404584,0.028713096219672246,0.001926604229741284,0.0007880715573620062,0.0003370012506385357,0.0,0.0
Student-t6,377,corrected,3000000,-0.0104806885489174,0.9913320967903922,0.0078962352073302,-0.0347642480914496,0.0048826187158146,0.011461268528064,-0.0105622601140591,0.9961376873081302,0.9999781234540628,0.0252002790321841,0.9518363333333332,0.9905796666666666,0.043767,0.0023796666666666,1.8856180831641265,1.2222222222222197,,,375.77777777777777,379.0634631869813,-0.0010194783395308,0.0093798424297139,conventional first-shift correction; outside Lean,0.014923042214521565,0.014810989362829294,0.017932041230404584,0.028713096219672257,0.001919458136736846,0.0007824288755644459,0.00033247021850031183,0.0,0.0
Student-t6,377,oracle,3000000,-1.2126596023639044e-18,1.0000000000000002,0.0078962352073304,-0.0347642480914505,0.0019075187260335,0.0036804052915029,-8.192740733991676e-05,1.0004831699985317,0.9999781234540628,0.0199300641724953,0.9509133333333334,0.9902533333333332,0.044686,0.0024966666666666,1.8856180831641265,1.2222222222222197,,,375.77777777777777,379.0634631869813,-0.0010194783395308,0.0093798424297139,conventional first-shift correction; outside Lean,0.014988141469832916,0.014940492102275731,0.017932041230404584,0.028713096219672243,0.0019402974217714928,0.0008004351812285982,0.00034635679196671994,0.0,0.0
Student-t8,2,asymptotic,3000000,-0.0012135657967668,2.57305201910711,-0.0013257109820931,0.6366622471560683,0.1021177069669149,0.4419343657431459,-0.001284129009374,1.5849499613409244,0.9988640400327397,1.881494721655808,0.793649,0.8968573333333333,0.197639,0.0621613333333333,1.8475208614068024,1.4,,,0.6000000000000001,0.7772870447811748,-0.0015853957180655,4.3913421126094665,conventional first-shift correction; outside Lean,0.0018764653555281713,0.004548531896294907,0.0047392560588540075,0.013732269658142107,0.0003334996225706996,0.00027017598384292374,0.00021921539713994274,0.5343193275829937,1.5872234237974876
Student-t8,2,corrected,3000000,-0.0006646973619059,0.771915605732133,-0.0013257109820928,0.6366622471560666,0.041666035792204,0.111312962964814,-0.0007033464251809,0.8681128463433654,0.9988640400327397,0.2242744603576176,0.969714,0.9927733333333332,0.0276466666666666,0.0026283333333333,1.8475208614068024,1.4,,,0.6000000000000001,0.7772870447811748,-0.0015853957180655,4.3913421126094665,conventional first-shift correction; outside Lean,0.0010277824035997288,0.0013645595688884724,0.004739256058854003,0.01373226965814211,0.0001540560175536896,8.232887129242076e-05,5.5839330510662484e-05,0.13474159181128273,0.23569968135989416
Student-t8,2,oracle,3000000,-1.2505552149377765e-18,1.0,-0.0013257109820929,0.6366622471560697,0.0107312191632714,0.0264711179807205,-4.399001012876187e-05,0.9880780973103928,0.9988640400327397,0.202167006449212,0.9478583333333334,0.9849406666666668,0.0481643333333333,0.0063063333333333,1.8475208614068024,1.4,,,0.6000000000000001,0.7772870447811748,-0.0015853957180655,4.3913421126094665,conventional first-shift correction; outside Lean,0.001169812526188848,0.0017677574578819923,0.004739256058854003,0.01373226965814211,0.00020493029362990105,0.00011325769984239121,7.75742133738403e-05,0.03113604997888502,0.12526185102615228
Student-t8,3,asymptotic,3000000,-0.0009297207780622,1.7796457061653754,-0.0011777472074853,0.4611758916910049,0.0609020969157202,0.2397123137716383,-0.000999310618761,1.3227170914061026,0.999211614670424,1.0673001349520788,0.8638173333333333,0.944154,0.1288726666666666,0.0287043333333333,1.8475208614068024,1.4,,,1.6,1.6857287883800964,-0.0009917021632664,2.0248413367926053,conventional first-shift correction; outside Lean,0.001866906073276522,0.003224126710797171,0.0041056021750912,0.01023982587646341,0.00032996016118578593,0.00021914670311668107,0.00016843656226905385,0.2921739951892028,0.8978893619305848
Student-t8,3,corrected,3000000,-0.0006789720564346,0.9491443766215336,-0.0011777472074853,0.461175891691004,0.015374270654229,0.0373712803674192,-0.0007297932904664,0.9659759842143264,0.999211614670424,0.0847362609552546,0.9527463333333334,0.987941,0.043369,0.0044423333333333,1.8475208614068024,1.4,,,1.6,1.6857287883800964,-0.0009917021632664,2.0248413367926053,conventional first-shift correction; outside Lean,0.0013633954254359242,0.0017195342457584925,0.004105602175091198,0.010239825876463403,0.0002025195557173063,0.00010528396737911,6.992031948015611e-05,0.04624970483520752,0.07122166820683384
Student-t8,3,oracle,3000000,1.2202387248786788e-17,1.0,-0.0011777472074852,0.4611758916910045,0.0092490429492053,0.0227688303726197,-5.21649825918851e-05,0.9915170570072764,0.999211614670424,0.1543865291583004,0.947399,0.9859456666666668,0.0484076666666666,0.0053243333333333,1.8475208614068024,1.4,,,1.6,1.6857287883800964,-0.0009917021632664,2.0248413367926053,conventional first-shift correction; outside Lean,0.0013994445429871814,0.001811667737925341,0.004105602175091198,0.0102398258764634,0.00020951540947215035,0.00011234358656683196,7.510755135087534e-05,0.026567044700249662,0.10255788543573452
Student-t8,5,asymptotic,3000000,-0.0006902073813145,1.377505897878149,-0.0001149837958394,0.2928695196433732,0.0331628411813034,0.1229397165776764,-0.0007746147248479,1.1673370619391674,0.999617482398378,0.5697660649950116,0.90567,0.968851,0.0881046666666666,0.0134926666666666,1.8475208614068024,1.4,,,3.6,3.6297485242725904,-0.0005702744945622,0.9403773596181496,conventional first-shift correction; outside Lean,0.002110411800714203,0.0028352547361403914,0.003795976353319331,0.00846799793412541,0.00032570213053640263,0.00018885323535120584,0.00013385641721816267,0.14881543526867627,0.47910026835871156
Student-t8,5,corrected,3000000,-0.000585660383703,0.9918042464722672,-0.0001149837958394,0.2928695196433732,0.0074145176716037,0.0177873577431653,-0.0006572823896962,0.9905183429130788,0.999617482398378,0.0932968756107754,0.9487426666666666,0.987484,0.0469073333333333,0.0043106666666666,1.8475208614068024,1.4,,,3.6,3.6297485242725904,-0.0005702744945622,0.9403773596181496,conventional first-shift correction; outside Lean,0.0017907437944573498,0.002041383410021075,0.003795976353319331,0.008467997934125414,0.00024325424137169088,0.00012883898253476328,7.022271558946279e-05,0.02339764779724105,0.05836072860368313
Student-t8,5,oracle,3000000,2.0387839564743146e-17,1.0,-0.0001149837958392,0.2928695196433724,0.0064065838544744,0.0158241046250102,-7.191732063676289e-05,0.9946024867080886,0.999617482398378,0.1037142453874606,0.947885,0.9871493333333332,0.0477753333333333,0.0044516666666666,1.8475208614068024,1.4,,,3.6,3.6297485242725904,-0.0005702744945622,0.9403773596181496,conventional first-shift correction; outside Lean,0.0017981274589890695,0.002058252338888485,0.0037959763533193316,0.00846799793412541,0.00024516879180412523,0.00013062135482470687,7.138802929880442e-05,0.019174500110558896,0.07615508062306997
Student-t8,8,asymptotic,3000000,-0.0005384488679889,1.2090587924821723,0.0018703350032265,0.1849078815918123,0.019567020223816,0.0700455579129421,-0.0006429722545698,1.095827497369428,0.9998305151702692,0.334360808549289,0.9249673333333334,0.9786693333333332,0.0694936666666666,0.0080673333333333,1.8475208614068024,1.4,,,6.6,6.616717110651144,-0.0003517133277738,0.5158650847923935,conventional first-shift correction; outside Lean,0.0025066525237975234,0.002931615645881663,0.0040257057199919065,0.008403112910924888,0.0003543726917439723,0.00018773912810349024,0.00011557373889245913,0.08294500780875293,0.27650772410587665
Student-t8,8,corrected,3000000,-0.000489070471749,0.997473503797792,0.0018703350032267,0.1849078815918106,0.0047057723534366,0.0110111040257733,-0.0005840085522669,0.9953347531320944,0.9998305151702692,0.0674821334666297,0.9488466666666666,0.9881606666666668,0.0468283333333333,0.0038193333333333,1.8475208614068024,1.4,,,6.6,6.616717110651144,-0.0003517133277738,0.5158650847923935,conventional first-shift correction; outside Lean,0.002276780220382483,0.002418582907852372,0.0040257057199919065,0.008403112910924876,0.00028941323158327337,0.0001433446320478732,7.258477220799366e-05,0.016098516131358827,0.04206661490388264
Student-t8,8,oracle,3000000,8.337034766251844e-19,1.0,0.0018703350032268,0.1849078815918114,0.0043591232625755,0.0104123490355939,-9.50582386000838e-05,0.9965944954227453,0.9998305151702692,0.0713173217111631,0.948573,0.988061,0.0470993333333333,0.0038623333333333,1.8475208614068024,1.4,,,6.6,6.616717110651144,-0.0003517133277738,0.5158650847923935,conventional first-shift correction; outside Lean,0.0022796618200866094,0.002424708925744727,0.0040257057199919065,0.008403112910924883,0.0002901020010783604,0.00014422150043158114,7.316995524259674e-05,0.013505260282454032,0.053134337890843764
Student-t8,13,asymptotic,3000000,-0.000409272273378,1.118655344845785,0.0046772350539932,0.1126094290157002,0.011570748202387,0.0405149513969287,-0.0005281972816664,1.0554571043598462,0.9999337318148755,0.2014921883699814,0.9356016666666668,0.9837773333333332,0.0592996666666666,0.0054886666666666,1.8475208614068024,1.4,,,11.6,11.621094968971112,-0.0002097152433268,0.2937187366979703,conventional first-shift correction; outside Lean,0.0030774179198159615,0.0033524160412188404,0.004792638230810273,0.009142714391249576,0.000408252650076344,0.00020522185954393682,0.00010969708145637487,0.045845183026904095,0.15899653897605193
Student-t8,13,corrected,3000000,-0.0003866069369,0.9981847692470082,0.0046772350539935,0.1126094290157002,0.0032735716632911,0.0067950193038116,-0.0004989459253092,0.9970063077520775,0.9999337318148755,0.0476852236264955,0.9493263333333334,0.9888746666666668,0.046274,0.0033933333333333,1.8475208614068024,1.4,,,11.6,11.621094968971112,-0.0002097152433268,0.2937187366979703,conventional first-shift correction; outside Lean,0.0029069917336969468,0.0029913866213952746,0.004792638230810275,0.009142714391249569,0.0003556748315606566,0.0001668149567177912,8.389932746754007e-05,0.011725399300525,0.02522705317133145
Student-t8,13,oracle,3000000,-5.1538033100465936e-18,1.0,0.0046772350539934,0.1126094290156998,0.0029515879583367,0.0063809623578508,-0.0001124410880242,0.997912439823338,0.9999337318148755,0.0504565707109248,0.9491276666666668,0.9888003333333332,0.0464686666666666,0.0034166666666666,1.8475208614068024,1.4,,,11.6,11.621094968971112,-0.0002097152433268,0.2937187366979703,conventional first-shift correction; outside Lean,0.002909633761556059,0.0029968265531158745,0.004792638230810273,0.009142714391249567,0.00035615793422701726,0.00016787895407943272,8.419936727600773e-05,0.009240177743633695,0.03695345867593325
Student-t8,21,asymptotic,3000000,-0.0002800888964684,1.0702756509754825,0.0082791331556238,0.0703701269556957,0.0072832404727495,0.0243029995687065,-0.0004347966390156,1.0330940694287487,0.9999741715590976,0.1326351022651057,0.9416456666666668,0.9864733333333332,0.05348,0.004298,1.8475208614068024,1.4,,,19.6,19.621113477504554,-0.0001129212289594,0.1739622645395069,conventional first-shift correction; outside Lean,0.0038275869614301616,0.004043253195074269,0.0059942567124158025,0.010554049089297373,0.0004926260571955559,0.00023293376908366538,0.0001268329486318076,0.025317854943979465,0.09468161413063525
Student-t8,21,corrected,3000000,-0.0002705915814099,0.9989239409104504,0.0082791331556238,0.0703701269556957,0.002183436355821,0.0040503021823788,-0.0004200534602635,0.9980636916230662,0.9999741715590976,0.0407959036707583,0.949747,0.989295,0.0458976666666666,0.0031813333333333,1.8475208614068024,1.4,,,19.6,19.621113477504554,-0.0001129212289594,0.1739622645395069,conventional first-shift correction; outside Lean,0.003697800312459129,0.0037737029820693185,0.005994256712415803,0.010554049089297362,0.00045100030956986265,0.00020668707746982832,0.00010554294649284754,0.008818302209251526,0.01687232517608117
Student-t8,21,oracle,3000000,1.2581343374525509e-17,1.0,0.008279133155624,0.0703701269556948,0.0019818314578333,0.003792507591714,-0.0001495423587168,0.9986011131386204,0.9999741715590976,0.0424755998193844,0.9496223333333332,0.9892546666666666,0.0460093333333333,0.003198,1.8475208614068024,1.4,,,19.6,19.621113477504554,-0.0001129212289594,0.1739622645395069,conventional first-shift correction; outside Lean,0.003699791445354572,0.0037777680837540527,0.005994256712415803,0.01055404908929737,0.0004519354223175223,0.0002068470979524619,0.00010585686275660242,0.006373852028759727,0.027372515597665625
Student-t8,35,asymptotic,3000000,-0.0001448739547328,1.0424420750990335,0.0111922469791132,0.0463536709193683,0.0047181672781739,0.01468796247823,-0.0003355445198269,1.0200128378480209,0.999987436527254,0.0845229120032624,0.9448033333333332,0.9878553333333332,0.050434,0.0036213333333333,1.8475208614068024,1.4,,,33.6,33.575007030174746,-4.52424009574781e-05,0.1016629223715628,conventional first-shift correction; outside Lean,0.0048734386951749305,0.005019122950036047,0.007623889449433019,0.012994743020700828,0.0005958886930432559,0.000277167418319285,0.0001401624255157882,0.013471640283866687,0.058422165608497334
Student-t8,35,corrected,3000000,-0.0001419469064458,1.0007443920950725,0.0111922469791133,0.0463536709193688,0.0013033139080693,0.0022895739391702,-0.0003287651438253,0.9994043935263556,0.999987436527254,0.0307728821253094,0.9496063333333332,0.9894823333333334,0.045866,0.0030026666666666,1.8475208614068024,1.4,,,33.6,33.575007030174746,-4.52424009574781e-05,0.1016629223715628,conventional first-shift correction; outside Lean,0.004774975238365453,0.0048183580320346015,0.0076238894494330195,0.012994743020700824,0.0005687553043945224,0.00025782313182989207,0.00012576969080455244,0.006759326958415841,0.014407357791970998
Student-t8,35,oracle,3000000,2.3646862246096133e-17,1.0,0.0111922469791132,0.0463536709193679,0.0013267753459896,0.0025143414794283,-0.0001867487431657,0.9990326267035377,0.999987436527254,0.0299451505008763,0.9496866666666668,0.989509,0.0457876666666666,0.002991,1.8475208614068024,1.4,,,33.6,33.575007030174746,-4.52424009574781e-05,0.1016629223715628,conventional first-shift correction; outside Lean,0.004773199003054801,0.0048147739523649044,0.007623889449433018,0.012994743020700831,0.000568107839888585,0.0002575133775477613,0.00012545882980311585,0.004862712465153967,0.022875384616419137
Student-t8,55,asymptotic,3000000,-3.602836177979073e-05,1.0293688621681496,0.0112292252439917,0.031356745106069,0.0034698953786003,0.0103586091990568,-0.0002514065017067,1.0139640103095335,0.9999923471825436,0.0603657545801605,0.946479,0.9885646666666666,0.0488756666666666,0.0032833333333333,1.8475208614068024,1.4,,,53.6,53.430798250642674,-8.975373313739206e-06,0.0638832554460718,conventional first-shift correction; outside Lean,0.006057395429189171,0.006111632297575333,0.009455326108351508,0.015978160655030705,0.0007097211174626446,0.00032193238172953327,0.00016419100243966108,0.00821543615578608,0.039802207368027975
Student-t8,55,corrected,3000000,-3.556686325420742e-05,1.0031667456765967,0.0112292252439916,0.0313567451060698,0.000817119384246,0.001416721703545,-0.0002481861573966,1.0009758289814483,0.9999923471825436,0.0265979096832489,0.9494206666666668,0.989571,0.0459766666666666,0.0028943333333333,1.8475208614068024,1.4,,,53.6,53.430798250642674,-8.975373313739206e-06,0.0638832554460718,conventional first-shift correction; outside Lean,0.005979804361448801,0.005956063475455233,0.009455326108351508,0.01597816065503071,0.0006895485214741114,0.0003058477104533047,0.00015428877339676046,0.0052281814356676705,0.013723731580537635
Student-t8,55,oracle,3000000,3.031649005909761e-19,1.0,0.011229225243992,0.031356745106069,0.0011225846443073,0.001731442968293,-0.000212283436,0.9993946654097688,0.9999923471825436,0.0225225687449368,0.9497846666666668,0.989692,0.0456343333333333,0.0028496666666666,1.8475208614068024,1.4,,,53.6,53.430798250642674,-8.975373313739206e-06,0.0638832554460718,conventional first-shift correction; outside Lean,0.005970358530142647,0.005937261677706531,0.009455326108351508,0.01597816065503071,0.0006872083987862926,0.0003047121721451296,0.00015310295881423416,0.004172577557768205,0.01925464029452373
Student-t8,89,asymptotic,3000000,5.396906196707702e-05,1.0219759140796234,0.0089953480740671,0.0130182680401649,0.0030087340503428,0.008436686699733,-0.000147121798075,1.0106700012942396,0.9999945842155036,0.043978187147498,0.9474466666666668,0.9891876666666668,0.0479016666666666,0.002993,1.8475208614068024,1.4,,,87.6,87.08620112652274,1.0569129454363292e-05,0.039194881498784,conventional first-shift correction; outside Lean,0.007647211032760565,0.00760722647866981,0.011981013836555768,0.02028763933303844,0.000887458156884627,0.0003867334892912465,0.00018959354430434807,0.005454513984451919,0.024402690150271855
Student-t8,89,corrected,3000000,5.354290365232737e-05,1.0058998884648875,0.0089953480740671,0.013018268040164,0.0011829965690835,0.0023890440320801,-0.000145960073649,1.0026894026175115,0.9999945842155036,0.0232912842348169,0.9492973333333332,0.9898066666666666,0.0461113333333333,0.0027943333333333,1.8475208614068024,1.4,,,87.6,87.08620112652274,1.0569129454363292e-05,0.039194881498784,conventional first-shift correction; outside Lean,0.007586826018690144,0.007487562241926688,0.011981013836555766,0.020287639333038437,0.0008703109899992974,0.00037405593245529796,0.0001828167416399578,0.0035233857306987007,0.010112453309107927
Student-t8,89,oracle,3000000,2.485952184846004e-17,1.0,0.008995348074067,0.013018268040164,0.0009151697857209,0.001483819290938,-0.0001989170460698,0.9997445491398016,0.9999945842155036,0.0172870090214414,0.9499663333333334,0.9900306666666666,0.045485,0.0027173333333333,1.8475208614068024,1.4,,,87.6,87.08620112652274,1.0569129454363292e-05,0.039194881498784,conventional first-shift correction; outside Lean,0.007564543853417826,0.007443645563330879,0.011981013836555768,0.020287639333038444,0.0008619344043451523,0.00036943462928784067,0.0001804036325090349,0.003240232971531822,0.012383151911308232
Student-t8,144,asymptotic,3000000,0.0001338788947426,1.0176903753391693,0.0074182623751556,-0.0032749426848805,0.0035463551671697,0.0075841772906033,4.393687494522584e-06,1.0086882972196862,0.9999865632846068,0.024958688396933,0.9481593333333334,0.9896433333333332,0.047168,0.0028613333333333,1.8475208614068024,1.4,,,142.6,141.49686730800474,2.061200424493067e-05,0.0241230311191506,conventional first-shift correction; outside Lean,0.00966019668532546,0.009591605435590317,0.014908287876495334,0.024311960076980856,0.0011503275614126902,0.00048723780825356695,0.0002377433562315212,0.0033255382730651827,0.013983691446657787
Student-t8,144,corrected,3000000,0.0001332265050175,1.0077961633567052,0.0074182623751557,-0.0032749426848819,0.002367701299818,0.0041847889597144,4.372277125242445e-06,1.0037729751873734,0.9999865632846068,0.0129811623665165,0.949317,0.990026,0.0460976666666666,0.0027236666666666,1.8475208614068024,1.4,,,142.6,141.49686730800474,2.061200424493067e-05,0.0241230311191506,conventional first-shift correction; outside Lean,0.00961312270049314,0.009498353716077624,0.014908287876495336,0.024311960076980856,0.0011339258811818166,0.0004770781709026647,0.00023169176606408878,0.0017617611870679307,0.008899372476012246
Student-t8,144,oracle,3000000,-1.8189894035458564e-18,1.0,0.0074182623751558,-0.0032749426848805,0.0014653987718198,0.0025266008450371,-0.0001283548615539,0.9998829170699096,0.9999865632846068,0.0220322760704898,0.9502116666666668,0.9903093333333334,0.045243,0.0026226666666666,1.8475208614068024,1.4,,,142.6,141.49686730800474,2.061200424493067e-05,0.0241230311191506,conventional first-shift correction; outside Lean,0.009575867656853173,0.009424875844378188,0.014908287876495337,0.02431196007698086,0.0011236087644788681,0.00047011279079331713,0.00022713437015536752,0.0017159473443168558,0.009169721056736524
Student-t8,233,asymptotic,3000000,0.0002256319883293,1.0143364163367978,0.0058863811329956,-0.0091895733916653,0.0041698401894627,0.0068994491790629,0.0002200022861635,1.0070380649230404,0.9999705413543676,0.0242492618818594,0.9491096666666666,0.9898426666666666,0.046339,0.0027646666666666,1.8475208614068024,1.4,,,231.6,229.7068272885859,2.7309393861702044e-05,0.0148595206055633,conventional first-shift correction; outside Lean,0.012207738067648116,0.012260778627875559,0.017892888275359637,0.026706942797045295,0.0015172324946095917,0.0006050738501746813,0.00029847135458118334,0.002540070533042092,0.009812665111347041
Student-t8,233,corrected,3000000,0.0002249531026649,1.0082416910884224,0.0058863811329952,-0.0091895733916667,0.0034431409720471,0.0051136619425631,0.0002193403392501,1.0040080703248329,0.9999705413543676,0.0179922512659258,0.9498013333333334,0.9900753333333332,0.045703,0.0026913333333333,1.8475208614068024,1.4,,,231.6,229.7068272885859,2.7309393861702044e-05,0.0148595206055633,conventional first-shift correction; outside Lean,0.01217100720146767,0.012187108713373309,0.017892888275359637,0.026706942797045295,0.001506181326947437,0.0005979101222194471,0.0002937942396724087,0.002163655372767688,0.010875449174174712
Student-t8,233,oracle,3000000,2.9710160257915647e-17,1.0,0.0058863811329956,-0.0091895733916649,0.0025043790800435,0.0035362415294562,-5.589776077301925e-06,0.9998961078998196,0.9999705413543676,0.0236844835896454,0.9507273333333334,0.9903676666666666,0.0448346666666666,0.002584,1.8475208614068024,1.4,,,231.6,229.7068272885859,2.7309393861702044e-05,0.0148595206055633,conventional first-shift correction; outside Lean,0.012121160267198694,0.012087487376381954,0.017892888275359637,0.026706942797045306,0.0014905440722034749,0.0005888333774202739,0.0002874575072930387,0.0021328494404089546,0.011519726113888407
Student-t8,377,asymptotic,3000000,0.0003040388251306,1.011434360033506,-0.0004271537400269,-0.0094475451458992,0.0031585107390836,0.00549876950947,0.0003844400672086,1.005695927158755,0.999983694381906,0.0161310665316949,0.9490143333333332,0.9898483333333332,0.046388,0.0027396666666666,1.8475208614068024,1.4,,,375.6,372.7379797414743,2.8929952562257805e-05,0.0091574605187825,conventional first-shift correction; outside Lean,0.015429166412134676,0.01565057676047093,0.02048240375593111,0.02862658288458689,0.0020212014568719255,0.0007957295615941892,0.00038772219698653755,0.0,0.0
Student-t8,377,corrected,3000000,0.0003034737717347,1.007678370367599,-0.000427153740027,-0.0094475451458997,0.0027101651056709,0.0043650900349912,0.0003837255888345,1.0038268504098704,0.999983694381906,0.0123428905174072,0.9494543333333332,0.989991,0.045982,0.0026856666666666,1.8475208614068024,1.4,,,375.6,372.7379797414743,2.8929952562257805e-05,0.0091574605187825,conventional first-shift correction; outside Lean,0.015400491446454875,0.01559245790777953,0.02048240375593111,0.028626582884586887,0.0020114318550775476,0.0007893539242957157,0.0003829920956325924,0.0,0.0
Student-t8,377,oracle,3000000,-1.8493058936049538e-17,1.0,-0.0004271537400272,-0.0094475451458997,0.0018569262213405,0.0031067644720087,7.994547852381165e-05,0.9999950257993891,0.999983694381906,0.0128765400983272,0.950342,0.9902863333333334,0.0451586666666666,0.0025933333333333,1.8475208614068024,1.4,,,375.6,372.7379797414743,2.8929952562257805e-05,0.0091574605187825,conventional first-shift correction; outside Lean,0.015341704433421754,0.015473645526490193,0.020482403755931113,0.028626582884586887,0.0019913753672783905,0.0007752879459073419,0.00037548796098190715,0.0,0.0

